Cell,1,2,3,4,5,6,7,8,9,10,11,12,13,14,15,16,17,18,19,20,21,22,23,24,25,26,27,28,29,30,31,32,33,34,35,36,37,Lndscp,Rgn,Time,Wthr,Wndspd,Grsl,Agri,Scrb,Wdl,Brn,Grdvg_ht,Grdvg_cov,Arth,Act_dstb,Psv_dstb,sel
841,0,0,0,0,0,0,0,0,0,0,0,0,0,0,,,,,,,,,,,,,,,,,,,,,,,,Akola,Dcn,0.286,1,0.929,0.036,0.929,0,0,0.036,0.111,0.082,0.341,1.857,2.357,0
842,0,0,0,0,0,0,0,0,0,,,,,,,,,,,,,,,,,,,,,,,,,,,,,Akola,Dcn,0.222,1,1,0.111,0.778,0.111,0,0,0.233,0.267,0.639,1.111,1.333,0
853,0,0,0,0,0,0,0,0,0,0,0,,,,,,,,,,,,,,,,,,,,,,,,,,,Akola,Dcn,0.364,0.909,1.091,0.121,0.758,0.076,0.045,0,0.125,0.218,1.013,1.273,2.091,0
854,0,0,0,0,0,0,0,0,0,0,0,0,0,0,,,,,,,,,,,,,,,,,,,,,,,,Akola,Dcn,0.714,1,1.071,0.071,0.786,0.071,0,0.071,0.323,0.257,0.669,1.357,1.429,0
855,0,0,0,0,0,0,0,0,0,0,0,0,0,0,0,,,,,,,,,,,,,,,,,,,,,,,Akola,Dcn,0.4,0.6,1.067,0.067,0.822,0.089,0.022,0,0.431,0.413,0.572,1.4,1,0
857,0,0,0,0,0,0,0,0,0,0,0,0,,,,,,,,,,,,,,,,,,,,,,,,,,Akola,Dcn,0.25,1,1,0,0.917,0.083,0,0,0.443,0.375,0.325,1.833,1,0
858,0,0,0,0,0,0,0,0,0,0,0,0,0,0,0,,,,,,,,,,,,,,,,,,,,,,,Akola,Dcn,0.467,1,1,0.067,0.9,0.033,0,0,0.323,0.347,0.3,1.267,1.333,0
870,0,0,0,0,0,0,0,0,0,0,0,0,0,0,0,0,0,,,,,,,,,,,,,,,,,,,,,Akola,Dcn,0.706,1,0.824,0.206,0.735,0,0.059,0,0.26,0.315,0.279,1.941,2.059,0
871,0,0,0,0,0,0,0,0,0,0,0,0,0,0,0,,,,,,,,,,,,,,,,,,,,,,,Akola,Dcn,0.533,1,0.933,0,0.967,0.033,0,0,0.252,0.167,0.68,1.333,1.8,0
872,0,0,0,0,0,0,0,0,0,0,0,0,0,0,,,,,,,,,,,,,,,,,,,,,,,,Akola,Dcn,0.357,1,0.929,0.154,0.808,0.038,0,0,0.075,0.114,1.107,1.929,1.429,0
873,0,0,0,0,0,0,0,0,0,0,,,,,,,,,,,,,,,,,,,,,,,,,,,,Akola,Dcn,0.4,1,0.9,0,1,0,0,0,0.292,0.17,0.417,1.7,1.6,0
878,0,0,0,0,0,0,0,0,0,0,0,,,,,,,,,,,,,,,,,,,,,,,,,,,Akola,Dcn,0.455,0.909,1.273,0,1,0,0,0,0.359,0.2,0.321,1,0.909,0
879,0,0,0,0,0,0,0,0,0,0,0,0,0,0,0,0,0,,,,,,,,,,,,,,,,,,,,,Akola,Dcn,0.412,0.882,0.824,0.176,0.824,0,0,0,0.264,0.209,0.357,2.294,1.882,0
880,0,0,0,0,0,0,0,0,0,0,0,0,0,0,0,0,0,0,0,0,0,0,0,0,,,,,,,,,,,,,,Akola,Dcn,0.733,0.9,1.333,0.156,0.539,0.128,0.161,0.017,0.118,0.153,0.842,1.833,1.567,0
881,0,0,0,0,0,0,0,0,0,0,0,0,0,0,0,0,0,0,0,0,0,0,0,0,,,,,,,,,,,,,,Akola,Dcn,0.75,1,1,0.303,0.515,0.121,0.061,0,0.252,0.463,0.606,1.167,1.208,0
882,0,0,0,0,0,0,0,0,0,0,0,0,0,0,0,0,0,,,,,,,,,,,,,,,,,,,,,Akola,Dcn,0.824,1,1,0.059,0.853,0.088,0,0,0.362,0.365,1.083,1.176,0.588,0
883,0,0,0,0,0,0,0,0,0,0,0,0,0,0,0,0,,,,,,,,,,,,,,,,,,,,,,Akola,Dcn,0.563,1,1,0.156,0.844,0,0,0,0.1,0.156,0.234,1.438,1.813,0
884,0,0,0,0,0,0,0,0,0,0,0,0,0,0,0,,,,,,,,,,,,,,,,,,,,,,,Akola,Dcn,0.867,1,0.867,0.033,0.7,0.267,0,0,0.278,0.31,0.717,1.2,2,0
886,0,0,0,0,0,0,0,0,0,0,0,0,0,0,0,0,0,0,0,0,0,0,0,0,0,,,,,,,,,,,,,Akola,Dcn,0.6,0.84,1.04,0.24,0.74,0.02,0,0,0.106,0.272,0.638,2.04,2.04,0
887,0,0,0,0,0,0,0,0,,,,,,,,,,,,,,,,,,,,,,,,,,,,,,Akola,Dcn,0.875,1,1,0.063,0.813,0,0,0.125,0.352,0.25,0.81,1.5,1.25,0
888,0,0,0,0,0,0,0,0,0,0,0,0,0,0,0,,,,,,,,,,,,,,,,,,,,,,,Akola,Dcn,0.8,1,1.133,0.2,0.733,0.067,0,0,0.258,0.257,0.683,1.667,1.6,0
889,0,0,0,0,0,0,0,0,0,0,0,0,0,0,,,,,,,,,,,,,,,,,,,,,,,,Akola,Dcn,0.429,1,1,0.107,0.821,0.071,0,0,0.179,0.179,0.714,2.071,2.214,0
890,0,0,0,0,0,0,0,0,0,0,0,0,,,,,,,,,,,,,,,,,,,,,,,,,,Akola,Dcn,0.417,0.667,1,0.083,0.625,0.292,0,0,0.336,0.575,0.975,1.417,1.5,0
891,0,0,0,0,0,0,0,0,0,0,0,0,0,0,0,0,0,,,,,,,,,,,,,,,,,,,,,Akola,Dcn,0.529,1,1.059,0.059,0.941,0,0,0,0.331,0.338,0.25,2.353,2.059,0
892,0,0,0,0,0,0,0,0,0,0,0,0,0,0,0,0,0,,,,,,,,,,,,,,,,,,,,,Akola,Dcn,0.294,1,0.941,0.029,0.941,0,0.029,0,0.3,0.229,0.279,2.118,2.176,0
898,0,0,0,0,0,0,0,0,0,0,,,,,,,,,,,,,,,,,,,,,,,,,,,,Akola,Dcn,0.8,1,0.3,0.1,0.633,0.233,0.033,0,0.02,0.085,0.7,2.2,1.7,0
899,0,0,0,0,0,0,0,0,0,0,0,0,0,0,0,0,0,0,0,,,,,,,,,,,,,,,,,,,Akola,Dcn,0.474,1,1,0.368,0.526,0,0,0.105,0.212,0.445,1.095,1.895,1.474,0
900,0,0,0,0,0,0,0,0,,,,,,,,,,,,,,,,,,,,,,,,,,,,,,Akola,Dcn,0.5,1,0.875,0,0.938,0,0.063,0,0.214,0.181,0.569,2,2.625,0
903,0,0,0,0,0,0,0,0,0,0,0,0,0,0,,,,,,,,,,,,,,,,,,,,,,,,Akola,Dcn,0.643,0.929,1,0.214,0.679,0.107,0,0,0.282,0.311,0.571,2.143,2.214,0
912,0,0,0,0,0,0,0,0,0,0,0,0,0,0,0,,,,,,,,,,,,,,,,,,,,,,,Akola,Dcn,0.6,1,0.667,0.133,0.833,0,0.033,0,0.095,0.183,0.789,2,2,0
913,0,0,0,0,0,0,0,0,0,0,0,0,0,0,,,,,,,,,,,,,,,,,,,,,,,,Akola,Dcn,1,1,0.857,0.143,0.536,0.321,0,0,0.281,0.475,1.257,0.786,2.5,0
914,0,0,0,0,0,0,0,0,0,0,0,0,0,0,0,0,,,,,,,,,,,,,,,,,,,,,,Akola,Dcn,0.438,1,1,0.344,0.438,0.125,0.063,0.031,0.36,0.544,0.411,1.813,1,0
915,0,0,0,0,0,0,0,0,0,0,0,0,0,0,0,0,0,0,,,,,,,,,,,,,,,,,,,,Akola,Dcn,0.833,1,0.722,0.361,0.583,0.028,0.028,0,0.356,0.469,0.574,1.167,1.333,0
916,0,0,0,0,0,0,0,0,0,,,,,,,,,,,,,,,,,,,,,,,,,,,,,Akola,Dcn,0.556,1,1.556,0.333,0.389,0.278,0,0,0.102,0.456,0.528,1.778,1.444,0
927,0,0,0,0,0,0,0,0,0,0,0,0,0,0,0,0,,,,,,,,,,,,,,,,,,,,,,Akola,Dcn,0.5,1,1.313,0.25,0.438,0.115,0.083,0.115,0.139,0.331,1.063,1.688,1.938,0
928,0,0,0,0,0,0,0,0,0,0,0,0,0,0,,,,,,,,,,,,,,,,,,,,,,,,Akola,Dcn,0.5,1,1.143,0.071,0.726,0.155,0.048,0,0.096,0.146,0.596,2.429,1.5,0
1043,0,0,0,0,0,0,0,0,0,0,0,0,0,0,0,0,0,,,,,,,,,,,,,,,,,,,,,Akola,Dcn,0.882,1,1,0,0.794,0.029,0,0.176,0.229,0.206,0.357,1.118,1.941,0
1044,0,0,0,0,0,0,0,0,0,,,,,,,,,,,,,,,,,,,,,,,,,,,,,Akola,Dcn,0.444,1,1,0,1,0,0,0,0.022,0.078,0.464,2.222,2.444,0
1045,0,0,0,0,0,0,0,0,0,0,0,0,0,0,0,0,,,,,,,,,,,,,,,,,,,,,,Akola,Dcn,0.625,0.688,1.5,0,1,0,0,0,0.219,0.178,0.821,1,2.5,0
1046,0,0,0,0,0,0,0,0,0,0,0,0,0,0,0,0,0,,,,,,,,,,,,,,,,,,,,,Akola,Dcn,0.353,0.882,1.059,0.147,0.608,0.02,0.225,0,0.042,0.132,0.956,1.235,1.471,0
1051,0,0,0,0,0,0,0,0,0,0,0,0,0,,,,,,,,,,,,,,,,,,,,,,,,,Akola,Dcn,0.231,1,0.923,0.301,0.494,0.147,0.058,0,0.127,0.273,1.019,1.462,1.462,0
1057,0,0,0,0,0,0,0,0,0,0,0,0,0,0,0,0,0,,,,,,,,,,,,,,,,,,,,,Akola,Dcn,0.529,1,1,0.656,0.313,0,0.031,0,0.154,0.547,0.521,0.765,0.647,0
1059,0,0,0,0,0,0,0,0,0,0,0,0,0,0,0,0,0,0,,,,,,,,,,,,,,,,,,,,Akola,Dcn,0.444,0.833,1.556,0.444,0.556,0,0,0,0.111,0.453,0.381,1.389,1.222,0
1061,0,0,0,0,0,0,0,0,0,,,,,,,,,,,,,,,,,,,,,,,,,,,,,Akola,Dcn,1,0.556,1.111,0.333,0.278,0.389,0,0,0.128,0.417,0.133,1.444,1.444,0
1064,0,0,0,0,0,0,0,,,,,,,,,,,,,,,,,,,,,,,,,,,,,,,Akola,Dcn,0,0.571,1.286,0.643,0.357,0,0,0,0.136,0.393,1.179,2.286,1.571,0
1067,0,0,0,0,0,0,0,0,0,0,0,0,0,0,0,,,,,,,,,,,,,,,,,,,,,,,Akola,Dcn,0.933,1,1.067,0.267,0.733,0,0,0,0.123,0.303,0.557,2.333,2,0
1068,0,0,0,0,0,0,,,,,,,,,,,,,,,,,,,,,,,,,,,,,,,,Akola,Dcn,0.5,1,1,0,1,0,0,0,0.057,0.133,0.09,2,1.333,0
1073,0,0,0,0,0,0,0,0,,,,,,,,,,,,,,,,,,,,,,,,,,,,,,Akola,Dcn,0,1,1,0.042,0.792,0.083,0.083,0,0.163,0.481,0.181,1.5,1.5,0
1074,0,0,0,0,0,0,0,0,0,0,0,0,0,0,0,0,,,,,,,,,,,,,,,,,,,,,,Akola,Dcn,0.563,1,1.067,0.433,0.567,0,0,0,0.081,0.313,0.656,2.125,2,0
1075,0,0,0,0,0,0,0,,,,,,,,,,,,,,,,,,,,,,,,,,,,,,,Akola,Dcn,0.143,1,1.143,0.5,0.357,0,0,0.143,0.086,0.379,0.829,1.714,2.143,0
1076,0,0,0,0,0,0,0,0,0,0,0,0,0,0,0,0,0,0,0,0,,,,,,,,,,,,,,,,,,Akola,Dcn,0.45,0.8,1.05,0.65,0.35,0,0,0,0.09,0.475,0.243,1.4,1.3,0
1080,0,0,0,0,0,0,0,0,0,0,0,0,0,0,0,0,,,,,,,,,,,,,,,,,,,,,,Akola,Dcn,0,1,1.667,0.344,0.594,0,0.063,0,0.088,0.369,0.157,2.188,1.25,0
1102,0,0,0,0,0,0,0,0,0,0,0,0,0,0,0,0,0,0,0,,,,,,,,,,,,,,,,,,,Akola,Dcn,0.474,0.947,1.105,0.447,0.553,0,0,0,0.211,0.382,0.979,1.737,1.263,0
1105,0,0,0,0,0,0,0,0,0,,,,,,,,,,,,,,,,,,,,,,,,,,,,,Akola,Dcn,0,1,2,0.056,0.944,0,0,0,0.1,0.211,0.222,2.778,1.667,0
332,0,0,0,0,0,0,0,0,0,0,0,0,0,0,0,0,,,,,,,,,,,,,,,,,,,,,,Jalore,Rajr,0.5,1,0.375,0.089,0.4,0.056,0.456,0,0.427,0.306,0.813,2.25,0.75,1
333,0,0,0,0,0,0,0,0,0,0,0,0,0,0,0,0,,,,,,,,,,,,,,,,,,,,,,Jalore,Rajr,0.688,0.875,0.688,0.033,0.722,0.033,0.122,0.089,0.136,0.222,0.945,2.125,0.938,1
334,0,0,0,0,0,0,0,0,0,0,0,,,,,,,,,,,,,,,,,,,,,,,,,,,Jalore,Rajr,0.818,1,0.545,0.076,0.636,0.076,0.212,0,0.182,0.45,0.588,1.364,1.455,1
335,0,0,0,0,0,0,0,0,0,0,0,0,0,0,0,,,,,,,,,,,,,,,,,,,,,,,Jalore,Rajr,0.733,1,0.8,0.256,0.256,0.289,0.133,0.067,0.507,0.56,0.442,1.4,1,1
340,0,0,0,0,0,0,0,0,0,0,0,0,0,0,0,0,0,,,,,,,,,,,,,,,,,,,,,Jalore,Rajr,0.529,0.941,0.176,0.108,0.725,0,0.167,0,0.24,0.321,1.8,1.059,0.235,1
341,0,0,0,0,0,0,0,0,0,0,0,0,0,0,,,,,,,,,,,,,,,,,,,,,,,,Jalore,Rajr,0.714,1,0.786,0.143,0.571,0.143,0.107,0.036,0.248,0.471,0.214,1.286,0.571,1
342,0,0,0,0,0,0,0,0,0,0,0,,,,,,,,,,,,,,,,,,,,,,,,,,,Jalore,Rajr,0.636,1,0.636,0.485,0.091,0.303,0.121,0,0.354,0.718,1.02,0.909,0.455,1
343,0,0,0,0,0,0,0,0,0,0,0,0,0,0,0,,,,,,,,,,,,,,,,,,,,,,,Jalore,Rajr,0.733,1,0.8,0.322,0.267,0.222,0.122,0.067,0.259,0.58,0.605,0.733,0.867,1
344,0,0,0,0,0,0,0,0,0,0,0,0,0,0,0,0,0,0,,,,,,,,,,,,,,,,,,,,Jalore,Rajr,0.722,1,0.833,0.111,0.398,0.213,0.213,0.065,0.671,0.536,0.68,1.5,1.5,1
347,0,0,0,0,0,0,0,0,0,0,1,0,0,,,,,,,,,,,,,,,,,,,,,,,,,Jalore,Rajr,0.846,0.923,0.846,0.077,0.615,0.154,0.154,0,0.192,0.338,0.515,0.538,0.231,1
349,0,0,0,0,0,0,0,0,0,0,0,0,0,0,0,,,,,,,,,,,,,,,,,,,,,,,Jalore,Rajr,0.467,1,0.667,0.378,0.244,0.256,0.122,0,0.213,0.68,1.055,1.667,1.533,1
350,0,0,0,0,0,0,0,0,0,0,0,0,0,0,0,0,,,,,,,,,,,,,,,,,,,,,,Jalore,Rajr,0.5,1,0.563,0.063,0.302,0.208,0.427,0,0.208,0.263,1.15,1.438,0.938,1
351,0,0,0,0,0,0,0,0,0,0,0,0,0,0,0,0,0,0,0,0,0,0,,,,,,,,,,,,,,,,Jalore,Rajr,0.682,0.955,0.636,0.068,0.538,0.152,0.242,0,0.624,0.511,0.675,1.5,0.636,1
352,0,0,0,0,0,0,0,0,0,0,0,0,0,,,,,,,,,,,,,,,,,,,,,,,,,Jalore,Rajr,0.923,1,1.385,0.125,0.375,0.125,0.375,0,0.165,0.25,1.22,1.385,0.538,1
353,0,0,0,0,0,0,0,0,0,0,0,0,0,0,0,,,,,,,,,,,,,,,,,,,,,,,Jalore,Rajr,0.867,0.933,0.933,0.267,0.533,0.167,0.033,0,0.16,0.433,1.6,0.333,0.133,1
354,0,0,0,0,0,0,0,0,0,0,0,,,,,,,,,,,,,,,,,,,,,,,,,,,Jalore,Rajr,0.364,1,0.636,0.091,0.455,0.091,0.227,0.136,0.49,0.341,0.9,1.182,1.182,1
356,0,0,0,0,0,0,0,0,0,0,0,0,0,0,0,0,0,,,,,,,,,,,,,,,,,,,,,Jalore,Rajr,0.765,1,0.765,0.108,0.176,0.461,0.225,0.029,0.369,0.706,0.671,0.294,0.412,1
357,0,0,0,0,0,0,0,0,0,0,0,0,0,0,0,0,,,,,,,,,,,,,,,,,,,,,,Jalore,Rajr,0.75,1,1.063,0.031,0.563,0.219,0.156,0.031,0.678,0.409,1.563,1.5,1.313,1
364,0,0,0,0,0,0,0,0,0,0,0,0,0,0,0,0,0,,,,,,,,,,,,,,,,,,,,,Jalore,Rajr,0.765,0.941,0.706,0.23,0.407,0.181,0.181,0,0.256,0.382,0.507,1,1.353,1
370,0,0,0,0,0,0,0,0,0,0,0,0,0,,,,,,,,,,,,,,,,,,,,,,,,,Jalore,Rajr,0.538,1,0.846,0.256,0.487,0.064,0.192,0,0.238,0.408,0.492,1.538,1.154,1
371,0,0,0,0,0,0,0,0,0,0,0,0,0,0,0,0,0,,,,,,,,,,,,,,,,,,,,,Jalore,Rajr,0.882,0.529,0.412,0.167,0.569,0.078,0.186,0,0.371,0.471,0.505,1.059,0.765,1
372,0,0,0,0,0,0,0,0,0,0,0,0,0,,,,,,,,,,,,,,,,,,,,,,,,,Jalore,Rajr,0.846,0.615,1,0.154,0.321,0.359,0.167,0,0.318,0.546,0.494,1.615,1.538,1
374,0,0,0,0,0,0,0,0,,,,,,,,,,,,,,,,,,,,,,,,,,,,,,Jalore,Rajr,0.625,0.375,0,0.25,0.313,0,0.438,0,0.202,0.425,0.25,1.25,1.125,1
377,0,0,0,0,0,0,0,0,0,0,0,0,,,,,,,,,,,,,,,,,,,,,,,,,,Jalore,Rajr,0.75,0.583,0.833,0.233,0.35,0.133,0.133,0.15,0.155,0.421,0.54,2.917,2.25,1
563,0,0,0,0,0,1,0,0,0,0,0,0,,,,,,,,,,,,,,,,,,,,,,,,,,Kekri,Ajm,0.5,1,1.273,0.153,0.694,0.042,0.111,0,0.219,0.304,1.379,1.333,1.417,1
564,0,0,0,0,0,0,0,0,0,0,0,0,0,0,0,0,0,,,,,,,,,,,,,,,,,,,,,Kekri,Ajm,0.588,0.941,1.118,0.216,0.431,0.078,0.216,0.059,0.206,0.394,1.189,1.529,1.529,1
573,0,0,0,0,0,0,0,0,0,0,0,0,0,0,0,0,0,0,0,,,,,,,,,,,,,,,,,,,Kekri,Ajm,0.474,0.789,0.947,0.202,0.658,0.044,0.096,0,0.178,0.442,1.11,2.105,1.105,1
574,0,0,0,0,0,0,0,0,0,0,0,0,0,0,,,,,,,,,,,,,,,,,,,,,,,,Kekri,Ajm,0.571,1,1.143,0.321,0.369,0.024,0.286,0,0.247,0.525,0.775,1.714,1.429,1
583,0,0,0,0,0,0,0,0,0,0,0,0,0,0,,,,,,,,,,,,,,,,,,,,,,,,Kekri,Ajm,0.714,0.714,0.643,0.238,0.595,0.06,0.071,0.036,0.239,0.354,0.794,1.286,1.143,1
585,0,0,0,0,0,0,0,0,0,0,0,0,0,0,0,0,,,,,,,,,,,,,,,,,,,,,,Kekri,Ajm,0.5,1,0.813,0.302,0.396,0.031,0.271,0,0.246,0.353,0.393,1.375,1.375,1
587,0,0,0,0,0,0,1,0,0,0,0,0,0,0,0,0,,,,,,,,,,,,,,,,,,,,,,Kekri,Ajm,0.625,0.313,1.813,0.24,0.552,0.031,0.177,0,0.229,0.363,0.557,1.688,1.563,1
593,,,,,,,,,,,,,,,,0,0,0,0,0,0,0,0,,,,,,,,,,,,,,,Kekri,Ajm,0.5,1,0,0,1,0,0,0,0,0,0.85,1.875,1.25,1
594,0,0,0,0,0,0,0,0,0,0,0,0,1,0,0,,,,,,,,,,,,,,,,,,,,,,,Kekri,Ajm,0.867,1,0.615,0.071,0.821,0,0.107,0,0.184,0.337,1.01,1.333,1.2,1
596,0,0,0,0,0,0,0,0,0,0,0,0,0,0,0,,,,,,,,,,,,,,,,,,,,,,,Kekri,Ajm,0.6,1,1,0.156,0.689,0,0.156,0,0.243,0.293,0.325,1.133,0.667,1
597,0,0,0,0,0,0,0,0,0,0,0,0,1,0,0,0,,,,,,,,,,,,,,,,,,,,,,Kekri,Ajm,0.563,0.438,1.5,0.021,0.74,0,0.24,0,0.406,0.209,1.463,1.125,0.438,1
609,0,0,0,0,0,0,0,0,0,0,0,0,0,0,0,,,,,,,,,,,,,,,,,,,,,,,Kekri,Ajm,0.667,0.733,0.8,0.3,0.6,0,0.1,0,0.169,0.4,0.617,1.467,0.867,1
610,0,0,0,0,0,0,0,0,0,0,0,0,0,0,0,0,,,,,,,,,,,,,,,,,,,,,,Kekri,Ajm,0.688,0.563,1.067,0.06,0.702,0.024,0.214,0,0.264,0.247,1,1.313,0.563,1
611,0,0,0,0,0,0,0,0,0,0,0,0,0,0,0,0,0,,,,,,,,,,,,,,,,,,,,,Kekri,Ajm,0.471,1,0.353,0.255,0.696,0,0.049,0,0.197,0.344,1.49,2.412,1.118,1
612,0,0,0,0,0,0,0,0,0,0,0,0,0,0,0,0,,,,,,,,,,,,,,,,,,,,,,Kekri,Ajm,0.625,0.75,1,0.146,0.646,0.063,0.146,0,0.203,0.306,1.065,1.875,0.5,1
613,0,0,0,0,0,0,0,0,0,0,0,0,0,0,0,,,,,,,,,,,,,,,,,,,,,,,Kekri,Ajm,0.667,0.857,1.857,0.179,0.571,0.071,0.179,0,0.293,0.437,0.665,1.267,0.867,1
626,0,0,0,0,0,0,0,0,0,0,0,0,0,,,,,,,,,,,,,,,,,,,,,,,,,Kekri,Ajm,1,1,0.385,0.346,0.577,0,0.077,0,0.192,0.388,0.767,2,1.154,1
628,0,0,0,0,0,0,0,0,0,0,0,0,0,0,0,0,0,0,,,,,,,,,,,,,,,,,,,,Kekri,Ajm,0.778,0.667,1.5,0.147,0.706,0,0.147,0,0.255,0.283,0.85,1.056,0.5,1
630,0,0,0,0,0,0,0,0,0,0,0,0,0,0,0,0,0,,,,,,,,,,,,,,,,,,,,,Kekri,Ajm,0.647,0.647,1,0.156,0.688,0,0.156,0,0.227,0.321,0.267,1.412,0.235,1
644,0,0,0,0,0,0,0,0,0,0,0,0,0,1,0,0,0,,,,,,,,,,,,,,,,,,,,,Kekri,Ajm,0.765,0.882,1.412,0.094,0.813,0,0.094,0,0.208,0.3,0.545,1.176,0.765,1
645,0,0,0,0,0,0,0,0,0,0,0,0,,,,,,,,,,,,,,,,,,,,,,,,,,Kekri,Ajm,0.833,0.417,1.5,0.182,0.727,0.045,0.045,0,0.135,0.208,0.265,1.5,0.667,1
658,0,0,0,0,0,0,0,0,0,0,0,0,,,,,,,,,,,,,,,,,,,,,,,,,,Kekri,Ajm,0.5,0.917,0.5,0.136,0.773,0.091,0,0,0.17,0.288,0.9,1.5,1.167,1
660,0,0,0,0,0,0,0,0,0,0,0,0,0,0,0,0,,,,,,,,,,,,,,,,,,,,,,Kekri,Ajm,0.813,0.8,1.071,0.189,0.622,0,0.189,0,0.188,0.291,1.063,1.25,1.063,1
672,0,0,0,0,0,0,0,0,0,0,0,0,,,,,,,,,,,,,,,,,,,,,,,,,,Kekri,Ajm,0.583,1,0.333,0.181,0.764,0,0.056,0,0.225,0.242,0.656,0.833,0.833,1
673,0,0,0,0,0,0,1,1,0,1,0,0,0,0,0,,,,,,,,,,,,,,,,,,,,,,,Kekri,Ajm,0.667,0.8,0.933,0.067,0.8,0.1,0.033,0,0.424,0.283,1.082,0.667,0.067,1
674,0,0,0,0,0,0,0,0,0,0,0,0,0,0,0,,,,,,,,,,,,,,,,,,,,,,,Kekri,Ajm,0.467,0.933,0.8,0.022,0.889,0,0.089,0,0.247,0.203,1,1.4,1,1
682,0,0,0,0,0,0,0,0,0,0,0,0,0,0,0,,,,,,,,,,,,,,,,,,,,,,,Kekri,Ajm,0.733,0.6,0.133,0.095,0.631,0,0.131,0.143,0.166,0.247,0.941,2,1.8,1
683,0,0,0,0,0,0,0,0,0,0,0,0,,,,,,,,,,,,,,,,,,,,,,,,,,Kekri,Ajm,0.417,0.917,0.667,0.236,0.583,0.028,0.153,0,0.333,0.358,0.894,1.333,1.75,1
684,0,0,0,0,0,0,0,0,0,0,0,0,0,,,,,,,,,,,,,,,,,,,,,,,,,Kekri,Ajm,0.769,0.846,0.692,0.154,0.731,0.038,0.077,0,0.208,0.235,1.59,1.538,1.462,1
685,0,0,0,0,0,0,0,0,0,0,0,0,0,0,0,,,,,,,,,,,,,,,,,,,,,,,Kekri,Ajm,0.733,0.857,0,0.143,0.607,0.071,0.179,0,0.156,0.287,1.967,1.333,1.067,1
686,0,0,0,0,0,0,0,0,0,0,0,0,0,0,0,,,,,,,,,,,,,,,,,,,,,,,Kekri,Ajm,0.533,1,0.133,0.122,0.756,0.067,0.056,0,0.248,0.4,1.43,1.267,0.8,1
695,0,0,0,0,0,0,0,0,0,0,0,0,0,0,0,0,,,,,,,,,,,,,,,,,,,,,,Kekri,Ajm,0.688,0.625,1.313,0.156,0.75,0,0.094,0,0.207,0.313,0.408,1.438,0.813,1
709,0,0,0,0,0,0,0,0,0,0,0,0,0,0,0,,,,,,,,,,,,,,,,,,,,,,,Kekri,Ajm,0.533,0.571,1,0,1,0,0,0,0.246,0.25,1.46,1.933,0.8,1
720,0,0,0,0,0,0,0,0,0,0,0,0,,,,,,,,,,,,,,,,,,,,,,,,,,Kekri,Ajm,0.833,0.818,1.083,0.111,0.778,0,0.111,0,0.223,0.288,1.45,1.25,0.5,1
7,0,0,0,0,0,0,0,0,0,0,0,0,0,0,0,0,,,,,,,,,,,,,,,,,,,,,,Kutch,Guj,1,0.125,1.438,0.115,0.333,0.198,0.125,0.229,0.367,0.481,0.331,0.813,1.375,1
8,0,0,0,0,0,1,0,0,0,0,0,0,0,0,0,0,0,0,,,,,,,,,,,,,,,,,,,,Kutch,Guj,0.333,0.444,1,0.162,0.389,0.236,0.134,0.079,0.667,0.664,0.439,0.722,0.611,1
12,0,0,0,0,0,0,0,0,0,0,0,0,0,0,0,0,,,,,,,,,,,,,,,,,,,,,,Kutch,Guj,0.188,0.938,1,0.208,0.219,0.135,0.438,0,0.678,0.728,0.9,0.938,1,1
14,0,0,0,0,0,0,0,0,0,0,0,0,0,0,0,0,,,,,,,,,,,,,,,,,,,,,,Kutch,Guj,0.313,1,1.875,0.042,0.51,0.229,0.125,0.094,0.628,0.222,0.381,2.063,1.438,1
18,0,0,0,0,0,0,0,0,0,0,0,0,0,0,0,0,,,,,,,,,,,,,,,,,,,,,,Kutch,Guj,0.625,0.75,1.125,0.083,0.427,0.26,0.109,0.12,0.738,0.713,0.538,0.5,1,1
19,0,0,0,0,0,0,0,0,0,0,0,0,0,0,0,,,,,,,,,,,,,,,,,,,,,,,Kutch,Guj,0.533,0.133,1.867,0.033,0.5,0,0.033,0.433,0.185,0.3,0.027,1.2,1.933,1
20,0,0,0,0,0,0,0,0,0,0,0,0,0,0,0,0,0,0,0,,,,,,,,,,,,,,,,,,,Kutch,Guj,0.316,0.632,1.053,0.14,0.399,0.136,0.18,0.145,0.627,0.524,0.445,1.421,0.789,1
21,0,0,0,0,0,0,0,0,0,0,0,0,0,0,0,0,0,0,0,0,0,,,,,,,,,,,,,,,,,Kutch,Guj,0.381,0.857,1,0.087,0.341,0.175,0.238,0.159,0.741,0.624,0.602,0.857,0.952,1
22,0,0,0,0,0,0,0,0,0,0,0,0,0,0,0,0,,,,,,,,,,,,,,,,,,,,,,Kutch,Guj,0.375,0.938,1.625,0.094,0.322,0.333,0.217,0.033,0.742,0.259,0.269,1.625,1.813,1
23,0,0,0,0,0,0,0,0,0,0,0,0,0,0,0,0,0,0,0,0,0,0,0,0,0,0,0,0,0,,,,,,,,,Kutch,Guj,0.517,0.966,1.655,0.32,0.113,0.283,0.122,0.162,0.597,0.81,0.422,0.517,0.379,1
24,0,0,0,0,0,0,0,0,0,0,0,0,0,0,0,0,,,,,,,,,,,,,,,,,,,,,,Kutch,Guj,0.813,1,1.125,0,0.479,0.135,0.385,0,0.722,0.466,0.678,0.938,0.75,1
26,0,0,0,0,0,0,0,0,0,0,0,0,0,0,0,0,0,,,,,,,,,,,,,,,,,,,,,Kutch,Guj,0.588,1,1,0.402,0.176,0.029,0.373,0.02,0.574,0.841,0.521,0.529,0.882,1
27,0,0,0,0,0,0,0,0,0,0,0,0,0,0,0,0,0,0,0,0,,,,,,,,,,,,,,,,,,Kutch,Guj,0.7,0.95,1,0.308,0.258,0.333,0.067,0.033,0.445,0.403,0.158,0.85,1.7,1
28,0,0,0,0,0,0,0,0,0,0,0,0,0,0,0,0,0,0,0,0,0,0,0,,,,,,,,,,,,,,,Kutch,Guj,0.609,1,0.478,0.196,0.351,0.279,0.149,0.025,0.554,0.446,0.354,1.174,1,1
29,0,0,0,0,0,0,0,0,0,0,0,0,0,0,0,0,0,0,0,0,0,0,0,,,,,,,,,,,,,,,Kutch,Guj,0.435,0.783,1,0.239,0.159,0.268,0.145,0.188,0.442,0.461,0.907,0.696,0.739,1
31,0,0,0,0,0,0,0,0,0,0,0,0,0,0,0,,,,,,,,,,,,,,,,,,,,,,,Kutch,Guj,1,0.8,1.4,0.167,0.456,0.067,0.089,0.222,0.381,0.347,0.19,0.733,1.4,1
32,0,0,0,0,0,0,0,0,0,0,0,0,0,0,0,,,,,,,,,,,,,,,,,,,,,,,Kutch,Guj,0.733,1,1.733,0,0.589,0.256,0.156,0,0.269,0.44,0.49,0.533,0.467,1
33,0,0,0,0,0,0,0,0,0,0,0,,,,,,,,,,,,,,,,,,,,,,,,,,,Kutch,Guj,0.455,1,1,0.288,0.561,0,0.152,0,0.37,0.495,0.805,1.727,1.091,1
34,0,0,0,0,0,0,0,0,0,0,0,0,0,0,0,0,0,0,0,0,0,0,0,0,,,,,,,,,,,,,,Kutch,Guj,0.625,0.667,0.833,0.389,0.201,0.125,0.243,0.042,0.533,0.696,1.358,0.958,1.125,1
35,0,0,0,0,0,0,0,0,0,0,0,0,0,0,0,0,0,,,,,,,,,,,,,,,,,,,,,Kutch,Guj,0.588,0.765,0.706,0.088,0.265,0.314,0.294,0.039,0.672,0.574,0.782,1.647,0.765,1
36,0,0,0,0,0,0,0,0,0,0,0,0,0,0,0,0,0,0,,,,,,,,,,,,,,,,,,,,Kutch,Guj,0.778,0.889,0.778,0.019,0.426,0.019,0.102,0.435,0.691,0.319,0.181,0.833,1.833,1
37,0,0,0,0,0,0,0,0,0,0,0,0,0,0,0,0,0,0,0,0,0,0,0,,,,,,,,,,,,,,,Kutch,Guj,0.87,0.522,0.826,0.014,0.409,0.33,0.192,0.054,0.828,0.267,0.196,1.348,2.087,1
38,0,0,0,0,0,0,0,0,0,0,0,0,0,0,0,0,0,0,,,,,,,,,,,,,,,,,,,,Kutch,Guj,0.889,0.056,0.833,0.185,0.361,0.259,0.176,0.019,0.674,0.558,0,0,0,1
39,0,0,0,0,0,0,0,0,0,0,0,0,0,0,0,0,0,,,,,,,,,,,,,,,,,,,,,Kutch,Guj,0.941,1,1,0.157,0.422,0.343,0.078,0,0.62,0.576,0.685,0.118,0.706,1
41,0,0,0,0,0,0,0,0,0,0,0,0,0,,,,,,,,,,,,,,,,,,,,,,,,,Kutch,Guj,0.615,0.846,0.538,0.077,0.103,0.064,0.436,0.321,0.806,0.627,0.388,0.308,0.308,1
44,0,0,0,0,0,0,0,0,0,0,0,0,0,0,0,0,0,0,,,,,,,,,,,,,,,,,,,,Kutch,Guj,0.389,0.833,1.167,0.134,0.394,0.31,0.162,0,0.694,0.333,0.317,0.944,1.444,1
45,0,0,0,0,0,0,0,0,0,0,0,0,0,0,0,0,,,,,,,,,,,,,,,,,,,,,,Kutch,Guj,0.875,1,0.625,0.063,0.438,0.052,0.292,0.156,0.587,0.447,0.397,0.75,0.813,1
47,0,0,0,0,0,0,0,0,0,0,0,0,0,0,0,0,,,,,,,,,,,,,,,,,,,,,,Kutch,Guj,0.875,0.375,0.75,0.323,0.302,0.229,0.146,0,0.496,0.369,0.75,1.438,1.563,1
48,0,0,0,0,0,0,0,0,0,0,0,0,0,0,0,,,,,,,,,,,,,,,,,,,,,,,Kutch,Guj,0.733,0.6,0.933,0.2,0.144,0.367,0.289,0,0.577,0.717,0.823,1.4,0.8,1
49,0,0,0,0,0,0,0,0,0,0,0,,,,,,,,,,,,,,,,,,,,,,,,,,,Kutch,Guj,1,1,1.273,0.205,0.295,0.477,0,0.023,0.724,0.386,0.468,0.364,0.455,1
51,0,0,0,0,0,0,0,0,0,0,0,0,0,0,0,0,0,0,0,0,0,0,0,0,0,,,,,,,,,,,,,Kutch,Guj,0.56,0.76,1.28,0.029,0.143,0.269,0.289,0.269,0.827,0.666,0.32,0.6,0.56,1
53,0,0,0,0,0,0,0,0,0,0,0,0,0,0,0,0,0,,,,,,,,,,,,,,,,,,,,,Kutch,Guj,0.706,0.882,0.647,0.255,0.284,0.363,0.098,0,0.661,0.735,0.506,0.471,0.118,1
54,0,0,0,0,0,0,0,0,0,0,0,0,0,0,0,0,,,,,,,,,,,,,,,,,,,,,,Kutch,Guj,0.438,0.813,1.625,0.188,0.25,0,0.375,0.188,0.695,0.547,0.088,1.375,1.688,1
55,0,0,0,0,0,0,0,0,0,0,0,0,0,0,0,,,,,,,,,,,,,,,,,,,,,,,Kutch,Guj,0.667,0.733,1.667,0.067,0.356,0.089,0.456,0.033,0.749,0.593,1.39,0.667,0.733,1
56,0,0,0,0,0,0,0,0,0,0,0,0,0,0,0,0,,,,,,,,,,,,,,,,,,,,,,Kutch,Guj,0.647,0.941,1.412,0.304,0.118,0.363,0.216,0,0.342,0.715,0,0.588,0.824,1
57,0,0,0,0,0,0,0,0,0,0,0,0,0,0,,,,,,,,,,,,,,,,,,,,,,,,Kutch,Guj,0.643,0.929,1.571,0.06,0.345,0.488,0.107,0,0.437,0.471,0.396,0.929,0.429,1
59,0,0,0,0,0,0,0,0,0,0,0,0,0,0,0,,,,,,,,,,,,,,,,,,,,,,,Kutch,Guj,1,0.4,0.533,0.067,0.167,0.067,0.533,0.167,0.615,0.717,0.467,1,0.933,1
60,0,0,0,0,0,0,0,0,0,0,0,0,0,0,0,0,0,,,,,,,,,,,,,,,,,,,,,Kutch,Guj,0.588,0.529,0.882,0.059,0.02,0.304,0.48,0.137,0.575,0.718,0.606,1.235,0.882,1
741,0,0,0,0,0,0,0,0,0,0,0,0,0,0,0,0,0,0,0,0,0,0,,,,,,,,,,,,,,,,Kutch,Guj,0.591,0.909,1.455,0.015,0.485,0,0.295,0.205,0.71,0.4,0.145,0.864,1.227,1
966,0,0,0,0,0,0,0,0,0,0,0,,,,,,,,,,,,,,,,,,,,,,,,,,,Kutch,Guj,0.818,1,0.909,0.091,0,0.455,0.455,0,0.845,0.832,0.444,0.818,0,1
967,0,0,0,0,0,0,0,0,0,0,0,0,0,0,,,,,,,,,,,,,,,,,,,,,,,,Kutch,Guj,0.5,1,1,0,0,1,0,0,0.962,0.743,0.096,0.286,0,1
976,0,0,0,0,0,0,0,0,0,0,0,0,0,0,0,,,,,,,,,,,,,,,,,,,,,,,Kutch,Guj,0,1,1.333,0.333,0,0.033,0.133,0.5,0.826,0.243,0.061,0.133,0,1
982,0,0,0,0,0,0,0,0,0,0,0,0,0,,,,,,,,,,,,,,,,,,,,,,,,,Kutch,Guj,0.231,0.769,1.538,0,0.09,0.577,0.308,0.026,0.501,0.192,0.285,0.769,0.385,1
985,0,0,0,0,0,0,0,0,0,0,0,0,0,0,0,,,,,,,,,,,,,,,,,,,,,,,Kutch,Guj,0.267,1,1.733,0.633,0,0,0.233,0.133,0.211,0.677,0.393,0.333,0,1
989,0,0,0,0,0,0,0,0,0,0,0,0,0,0,0,0,,,,,,,,,,,,,,,,,,,,,,Kutch,Guj,0.375,1,1.438,0.219,0,0,0.656,0.125,0.888,0.488,0.961,0.438,0.063,1
990,0,0,0,0,0,0,0,0,0,0,0,0,0,0,,,,,,,,,,,,,,,,,,,,,,,,Kutch,Guj,0.143,1,1.071,0,0,0.214,0.786,0,0.993,0.743,0.281,0.286,0.143,1
992,0,0,0,0,0,0,0,0,0,0,0,0,0,0,0,0,,,,,,,,,,,,,,,,,,,,,,Kutch,Guj,0.5,0.938,0.813,0,0.031,0.969,0,0,0.967,0.594,0.311,0.438,0.25,1
1001,0,0,0,0,0,0,0,0,0,0,0,,,,,,,,,,,,,,,,,,,,,,,,,,,Kutch,Guj,0.636,1,1,0.364,0,0,0.545,0.091,0.18,0.445,0.035,0.545,0,1
1004,0,0,0,0,0,0,0,0,0,0,0,0,0,0,0,,,,,,,,,,,,,,,,,,,,,,,Kutch,Guj,0.467,1,0.733,0,0,0,0.967,0.033,1.01,0.697,0.082,1,0.4,1
1006,0,0,0,0,0,0,0,0,0,0,0,0,0,0,0,,,,,,,,,,,,,,,,,,,,,,,Kutch,Guj,0.267,0.8,1.267,0,0,0.5,0.5,0,0.872,0.86,1.15,0.933,0.133,1
1007,0,0,0,0,0,0,0,0,0,0,0,0,0,0,,,,,,,,,,,,,,,,,,,,,,,,Kutch,Guj,0.286,1,0.857,0.393,0,0,0.607,0,0.1,0.336,0.458,0.571,0,1
41 B,0,0,0,0,0,0,0,0,0,0,,,,,,,,,,,,,,,,,,,,,,,,,,,,Kutch,Guj,0,1,1,0,0.067,0.333,0.083,0.517,0.909,0.515,0,0.2,0.5,1
49-B,0,0,0,0,0,0,0,,,,,,,,,,,,,,,,,,,,,,,,,,,,,,,Kutch,Guj,0.429,0.429,2,0.31,0.238,0.31,0.143,0,0.653,0.443,0.657,0.143,0.714,1
484,0,0,0,0,0,0,0,0,0,0,0,0,0,0,,,,,,,,,,,,,,,,,,,,,,,,Pratapgarh,Rajr,0.714,1,1.071,0.143,0.786,0,0.071,0,0.272,0.314,0.46,1.571,1.714,0
499,0,0,0,0,0,0,0,0,0,0,0,0,0,0,0,0,0,,,,,,,,,,,,,,,,,,,,,Pratapgarh,Rajr,0.471,1,1.647,0.5,0.5,0,0,0,0.158,0.591,0.229,2.529,2,0
500,0,0,0,0,0,0,0,0,0,0,0,0,0,,,,,,,,,,,,,,,,,,,,,,,,,Pratapgarh,Rajr,0.615,0.615,1.615,0.038,0.846,0.115,0,0,0.295,0.288,0.772,2.077,2,0
510,0,0,0,0,0,0,0,0,0,,,,,,,,,,,,,,,,,,,,,,,,,,,,,Pratapgarh,Rajr,0.444,1,1.111,0.444,0.556,0,0,0,0.147,0.511,1.333,2.333,1.889,0
511,0,0,0,0,0,0,0,0,0,0,0,0,0,0,0,0,0,,,,,,,,,,,,,,,,,,,,,Pratapgarh,Rajr,0.588,0.765,1.059,0.118,0.853,0,0.029,0,0.353,0.2,1.765,1.647,2.118,0
512,0,0,0,0,0,0,0,0,0,0,0,0,0,0,,,,,,,,,,,,,,,,,,,,,,,,Pratapgarh,Rajr,0.5,0.76,1.929,0.214,0.786,0,0,0,0.407,0.318,0.532,1.286,1.5,0
518,0,0,0,0,0,0,0,0,0,0,0,0,0,0,0,,,,,,,,,,,,,,,,,,,,,,,Pratapgarh,Rajr,0.267,1,1.4,0,0.878,0.078,0.044,0,0.35,0.277,0.583,2,1.933,0
521,0,0,0,0,0,0,0,0,0,0,0,0,0,0,0,,,,,,,,,,,,,,,,,,,,,,,Pratapgarh,Rajr,0.4,0.76,2,0.038,0.962,0,0,0,0.289,0.22,0.575,2.533,1.867,0
523,0,0,0,0,0,0,0,0,0,0,0,0,0,0,,,,,,,,,,,,,,,,,,,,,,,,Pratapgarh,Rajr,0.571,1,1,0.571,0.429,0,0,0,0.229,0.654,0.35,1.429,0.929,0
527,0,0,0,0,0,0,0,0,0,0,0,0,0,0,,,,,,,,,,,,,,,,,,,,,,,,Pratapgarh,Rajr,0.357,1,1.786,0.095,0.845,0,0.06,0,0.419,0.136,2.077,1.929,1.5,0
529,0,0,0,0,0,0,0,0,0,0,0,0,0,0,0,,,,,,,,,,,,,,,,,,,,,,,Pratapgarh,Rajr,0.6,0.933,1.2,0.133,0.867,0,0,0,0.203,0.307,1.25,1.4,1,0
530,0,0,0,0,0,0,0,0,0,0,0,0,0,0,0,0,,,,,,,,,,,,,,,,,,,,,,Pratapgarh,Rajr,0.625,0.75,1.75,0.156,0.844,0,0,0,0.437,0.325,0.207,1.375,1.188,0
1035,0,0,0,0,0,0,0,0,0,0,0,0,0,0,,,,,,,,,,,,,,,,,,,,,,,,Pratapgarh,Rajr,0.429,0.857,1.714,0.143,0.714,0.107,0.036,0,0.496,0.289,0.267,2.286,1.429,0
1039,0,0,0,0,0,0,0,0,0,0,0,0,0,0,0,0,0,0,,,,,,,,,,,,,,,,,,,,Pratapgarh,Rajr,0.722,0.889,1.167,0.472,0.528,0,0,0,0.195,0.494,0.458,2.778,2.111,0
1041,0,0,0,0,0,0,0,0,0,0,0,0,0,0,0,0,,,,,,,,,,,,,,,,,,,,,,Pratapgarh,Rajr,0.563,1,0.75,0.083,0.708,0.083,0.125,0,0.393,0.372,0.442,1.625,1.438,0
358,0,0,0,0,0,0,0,0,0,0,0,0,0,0,0,0,0,0,,,,,,,,,,,,,,,,,,,,Ratlam,MP,0.556,0.778,1.111,0.194,0.806,0,0,0,0.23,0.328,0.754,1.111,1.556,1
359,0,0,0,0,0,0,0,0,0,0,0,0,0,0,0,0,0,0,,,,,,,,,,,,,,,,,,,,Ratlam,MP,0.778,0.944,1,0.028,0.861,0.056,0.056,0,0.215,0.189,0.532,1.056,2.444,1
360,0,0,0,0,0,0,0,0,0,0,0,0,0,0,0,0,,,,,,,,,,,,,,,,,,,,,,Ratlam,MP,0.75,0.938,1.333,0.448,0.365,0.104,0.083,0,0.13,0.483,1.232,1.563,2.25,1
361,0,0,0,0,0,0,0,0,0,0,0,0,0,0,0,0,0,,,,,,,,,,,,,,,,,,,,,Ratlam,MP,0.529,0.765,1.059,0.588,0.294,0.059,0.059,0,0.21,0.606,1.015,1.353,1.176,1
362,0,0,0,0,0,0,0,0,0,0,0,0,0,0,0,,,,,,,,,,,,,,,,,,,,,,,Ratlam,MP,1,1,0.933,0.5,0.467,0,0.033,0,0.231,0.417,0.214,2.2,2.067,1
363,0,0,0,0,0,0,0,0,0,0,0,0,0,0,0,0,,,,,,,,,,,,,,,,,,,,,,Ratlam,MP,0.5,0.875,1,0.406,0.406,0.063,0.125,0,0.296,0.603,0.653,1.5,1.5,1
367,0,0,0,0,0,0,0,0,0,0,0,0,0,,,,,,,,,,,,,,,,,,,,,,,,,Ratlam,MP,1,0.769,1.538,0.577,0.385,0,0.038,0,0.148,0.469,0.5,1.692,2.462,1
368,0,0,0,0,0,0,0,0,0,0,0,0,0,0,0,0,,,,,,,,,,,,,,,,,,,,,,Ratlam,MP,0.688,1,1,0.219,0.719,0.031,0.031,0,0.341,0.278,0.425,2.063,2.313,1
382,0,0,0,0,0,0,0,0,0,0,0,0,0,0,0,0,,,,,,,,,,,,,,,,,,,,,,Ratlam,MP,0.813,1,1,0.156,0.75,0,0.031,0.063,0.019,0.116,0.45,1.938,1.5,1
384,0,0,0,0,0,0,0,0,0,0,0,0,0,0,0,,,,,,,,,,,,,,,,,,,,,,,Ratlam,MP,0.867,0.933,0.933,0.433,0.533,0,0.033,0,0.06,0.317,0.383,1.267,1.133,1
385,0,0,0,0,0,0,0,0,0,0,0,0,0,0,0,0,,,,,,,,,,,,,,,,,,,,,,Ratlam,MP,0.375,0.875,0.313,0.143,0.821,0.036,0,0,0.169,0.078,0.5,2.063,1.625,1
386,0,0,0,0,0,0,0,0,0,0,0,0,0,0,0,0,,,,,,,,,,,,,,,,,,,,,,Ratlam,MP,0.313,1,0.875,0.031,0.875,0,0.094,0,0.279,0.259,0.981,1.188,1.875,1
387,0,0,0,0,0,0,0,0,0,0,0,0,0,0,0,0,0,,,,,,,,,,,,,,,,,,,,,Ratlam,MP,0.353,0.647,1,0.188,0.813,0,0,0,0.192,0.241,0.547,2.176,1.941,1
388,0,0,0,0,0,0,0,0,0,0,0,0,0,0,0,0,0,,,,,,,,,,,,,,,,,,,,,Ratlam,MP,0.647,0.941,1.471,0.125,0.875,0,0,0,0.191,0.176,0.544,2.235,1.412,1
391,0,0,0,0,0,0,0,0,0,0,0,0,0,,,,,,,,,,,,,,,,,,,,,,,,,Ratlam,MP,0.462,1,1.154,0.333,0.625,0,0.042,0,0.212,0.269,0.333,1.769,1.077,1
392,0,0,0,0,0,0,0,0,0,0,0,0,0,0,0,,,,,,,,,,,,,,,,,,,,,,,Ratlam,MP,0.333,1,0.467,0.2,0.667,0.067,0.067,0,0.238,0.3,0.583,1.733,1.2,1
393,0,0,0,0,0,0,0,0,0,0,0,0,0,0,0,,,,,,,,,,,,,,,,,,,,,,,Ratlam,MP,0.333,0.867,0.467,0.3,0.6,0,0.1,0,0.194,0.37,1.058,1.333,1.2,1
394,0,0,0,0,0,0,0,0,0,0,0,0,0,0,0,0,0,,,,,,,,,,,,,,,,,,,,,Ratlam,MP,0.412,1,0.765,0.353,0.529,0.088,0.029,0,0.299,0.403,0.531,1.706,1.176,1
395,0,0,0,0,0,0,0,0,0,0,0,0,0,0,0,,,,,,,,,,,,,,,,,,,,,,,Ratlam,MP,0.4,1,0.2,0.2,0.5,0,0.3,0,0.457,0.553,0.125,1.067,1.6,1
396,0,0,0,0,0,0,0,0,0,0,0,0,0,0,0,0,0,0,,,,,,,,,,,,,,,,,,,,Ratlam,MP,0.333,0.778,1,0.583,0.361,0,0.056,0,0.163,0.514,0.75,1.611,0.778,1
397,0,0,0,0,0,0,0,0,0,0,0,0,,,,,,,,,,,,,,,,,,,,,,,,,,Ratlam,MP,0.5,1,0.909,0.417,0.583,0,0,0,0.192,0.396,0.583,1.083,1.583,1
398,0,0,0,0,0,0,0,0,0,0,0,0,0,0,0,,,,,,,,,,,,,,,,,,,,,,,Ratlam,MP,0.733,1,1,0,0.964,0,0.036,0,0.187,0.12,0.583,2.8,2.533,1
399,0,0,0,0,0,0,0,0,0,0,0,0,0,0,0,0,0,0,0,0,,,,,,,,,,,,,,,,,,Ratlam,MP,0.9,1,1,0,1,0,0,0,0.015,0.015,0.434,1.3,1.55,1
400,0,0,0,0,0,0,0,0,0,0,0,0,0,0,0,0,0,,,,,,,,,,,,,,,,,,,,,Ratlam,MP,0.294,0.706,1,0,1,0,0,0,0.178,0.194,0.429,2.294,2.294,1
401,0,0,0,0,0,0,0,0,0,0,0,0,0,0,0,0,0,,,,,,,,,,,,,,,,,,,,,Ratlam,MP,0.647,0.941,1,0.133,0.867,0,0,0,0.138,0.147,0.517,2.353,2.059,1
402,0,0,0,0,0,0,0,0,0,0,0,0,0,0,0,0,0,0,0,,,,,,,,,,,,,,,,,,,Ratlam,MP,0.526,0.474,1,0.132,0.763,0,0.105,0,0.092,0.234,0.397,2.105,1.579,1
403,0,0,0,0,0,0,0,,,,,,,,,,,,,,,,,,,,,,,,,,,,,,,Ratlam,MP,1,1,1.2,0.571,0.214,0,0.214,0,0.166,0.5,0.333,2.429,1.143,1
404,0,0,0,0,0,0,0,0,0,0,0,0,0,0,0,0,0,,,,,,,,,,,,,,,,,,,,,Ratlam,MP,0.588,1,1.188,0.031,0.844,0.125,0,0,0.21,0.265,0.5,1.529,1.176,1
405,0,0,0,0,0,0,0,0,0,0,0,0,0,0,0,0,0,0,0,,,,,,,,,,,,,,,,,,,Ratlam,MP,0.895,1,0.842,0.132,0.789,0,0.079,0,0.338,0.366,0.678,1.105,1.316,1
406,0,0,0,0,0,0,0,0,0,0,0,0,0,0,0,0,0,,,,,,,,,,,,,,,,,,,,,Ratlam,MP,0.353,0.412,1,0.029,0.794,0,0.176,0,0.082,0.176,0.926,2.059,1.412,1
409,0,0,0,0,0,0,0,,,,,,,,,,,,,,,,,,,,,,,,,,,,,,,Ratlam,MP,0.857,0.857,0.429,0.571,0.143,0,0.286,0,0.346,0.614,0.464,1.143,0.571,1
410,0,0,0,0,0,0,0,0,0,0,0,0,0,0,0,0,0,0,0,,,,,,,,,,,,,,,,,,,Ratlam,MP,0.368,1,1,0.132,0.868,0,0,0,0.093,0.155,0.303,1.789,1.316,1
411,0,0,0,0,0,0,0,0,0,0,0,0,0,0,0,0,0,,,,,,,,,,,,,,,,,,,,,Ratlam,MP,0.235,1,1,0.147,0.853,0,0,0,0.403,0.185,0.942,2.059,1.294,1
412,0,0,0,0,0,0,0,0,0,0,0,0,0,0,0,0,,,,,,,,,,,,,,,,,,,,,,Ratlam,MP,0.75,1,1,0.375,0.594,0,0,0.031,0.142,0.416,0.469,2,1,1
413,0,0,0,0,0,0,0,1,0,0,0,0,0,0,0,,,,,,,,,,,,,,,,,,,,,,,Ratlam,MP,0.867,1,1.467,0.321,0.679,0,0,0,0.087,0.253,0.25,1.8,0.933,1
414,0,0,0,0,0,0,0,0,0,0,0,0,0,0,0,1,,,,,,,,,,,,,,,,,,,,,,Ratlam,MP,0.438,1,1.2,0.567,0.433,0,0,0,0.082,0.428,0.25,1.875,1.438,1
415,0,0,0,0,0,0,0,0,0,0,0,0,0,0,0,0,0,0,0,0,0,0,0,0,0,,,,,,,,,,,,,Ratlam,MP,0.96,1,1.48,0.2,0.8,0,0,0,0.2,0.236,0.583,2.08,1.48,1
416,0,1,0,0,0,0,0,0,0,0,0,0,0,0,0,0,0,0,0,,,,,,,,,,,,,,,,,,,Ratlam,MP,0.474,1,1.316,0.605,0.237,0,0.158,0,0.268,0.582,0.922,1.105,0.421,1
417,0,0,0,0,0,0,0,0,0,0,0,0,0,0,0,0,0,,,,,,,,,,,,,,,,,,,,,Ratlam,MP,0.294,0.941,1.059,0.235,0.765,0,0,0,0.19,0.335,0.531,1.176,1.118,1
422,0,0,0,0,0,0,0,0,0,0,0,0,0,0,0,0,0,0,0,,,,,,,,,,,,,,,,,,,Ratlam,MP,0.526,1,0.842,0.139,0.861,0,0,0,0.058,0.161,0.944,1.789,1.263,1
423,0,0,0,0,0,0,0,0,0,0,0,0,0,0,0,0,0,,,,,,,,,,,,,,,,,,,,,Ratlam,MP,0.353,0.941,1,0.176,0.824,0,0,0,0.139,0.262,0.721,1.471,1.647,1
424,0,0,0,0,0,0,0,0,0,0,0,0,0,0,0,0,0,,,,,,,,,,,,,,,,,,,,,Ratlam,MP,0.294,1,1,0.235,0.735,0,0.029,0,0.106,0.235,0.625,1.471,1.824,1
425,0,0,0,0,0,0,0,0,0,0,0,0,0,0,0,0,,,,,,,,,,,,,,,,,,,,,,Ratlam,MP,0.375,1,1,0.146,0.802,0,0,0.052,0.038,0.109,0.958,1.75,1.625,1
426,0,0,0,0,0,0,0,0,0,0,0,0,0,0,0,0,,,,,,,,,,,,,,,,,,,,,,Ratlam,MP,0.75,1,1.313,0.188,0.813,0,0,0,0.189,0.197,0.883,1.75,1.063,1
427,0,0,0,0,0,0,0,0,0,0,0,0,0,0,0,,,,,,,,,,,,,,,,,,,,,,,Ratlam,MP,0.4,0.867,1,0.433,0.567,0,0,0,0.132,0.423,0.67,1.933,1.4,1
428,0,0,0,0,0,0,0,0,0,0,0,0,0,0,0,0,0,0,0,0,0,0,0,0,0,0,0,0,0,0,0,0,0,0,0,0,0,Ratlam,MP,0.622,1,1.027,0.361,0.611,0.028,0,0,0.077,0.308,0.859,1.541,1.892,1
429,0,0,0,0,0,0,0,0,0,0,0,0,0,0,0,0,0,0,,,,,,,,,,,,,,,,,,,,Ratlam,MP,0.611,0.944,1.056,0.194,0.806,0,0,0,0.083,0.297,0.338,2.278,1.833,1
430,0,0,0,0,0,0,0,0,0,0,0,0,0,0,0,0,0,0,,,,,,,,,,,,,,,,,,,,Ratlam,MP,0.333,1,0.688,0.306,0.694,0,0,0,0.131,0.339,1.037,1.722,1.889,1
433,0,0,0,0,0,0,0,0,0,0,0,0,0,0,0,0,0,,,,,,,,,,,,,,,,,,,,,Ratlam,MP,0.471,1,1.176,0.156,0.813,0,0.031,0,0.144,0.159,0.797,1.941,1.529,1
434,0,0,0,0,0,0,0,0,0,0,0,0,0,0,0,0,0,0,,,,,,,,,,,,,,,,,,,,Ratlam,MP,0.444,1,1.056,0.125,0.813,0,0.063,0,0.089,0.308,0.517,2.167,2.167,1
435,0,0,0,0,0,0,0,0,0,0,0,0,0,0,0,0,0,,,,,,,,,,,,,,,,,,,,,Ratlam,MP,0.765,1,1,0.333,0.633,0,0,0.033,0.076,0.35,0.737,1.647,1.941,1
436,0,0,0,0,0,0,0,0,0,0,0,0,0,0,0,0,0,,,,,,,,,,,,,,,,,,,,,Ratlam,MP,0.941,1,1.176,0.469,0.531,0,0,0,0.122,0.412,0.837,1.412,1.176,1
437,0,0,0,0,0,0,0,0,0,0,0,0,0,0,0,0,0,,,,,,,,,,,,,,,,,,,,,Ratlam,MP,0.588,1,1.059,0.5,0.5,0,0,0,0.074,0.371,0.25,1.647,1.118,1
443,0,0,0,0,0,0,0,0,,,,,,,,,,,,,,,,,,,,,,,,,,,,,,Ratlam,MP,0,1,0.875,0.563,0.438,0,0,0,0.157,0.55,0.688,2,0.625,1
444,0,0,0,0,0,0,0,0,0,0,0,0,0,,,,,,,,,,,,,,,,,,,,,,,,,Ratlam,MP,0.462,0.769,1.077,0.385,0.615,0,0,0,0.081,0.338,0.288,1.692,1,1
445,0,0,0,0,0,0,0,0,0,0,0,0,0,0,0,0,,,,,,,,,,,,,,,,,,,,,,Ratlam,MP,0.375,1,1.25,0.313,0.625,0,0,0.063,0.132,0.316,0.683,2.188,1.063,1
446,0,0,0,0,0,0,0,0,0,0,0,0,0,0,0,0,0,0,,,,,,,,,,,,,,,,,,,,Ratlam,MP,0.667,1,1,0.294,0.676,0,0,0.029,0.061,0.289,0.597,1.333,2.111,1
447,0,0,0,0,0,0,0,0,0,0,0,0,0,0,0,0,0,0,0,0,0,0,,,,,,,,,,,,,,,,Ratlam,MP,0.5,0.909,1.273,0.278,0.722,0,0,0,0.144,0.232,0.727,2,1.136,1
452,0,0,0,0,0,0,0,0,0,0,0,0,0,0,,,,,,,,,,,,,,,,,,,,,,,,Ratlam,MP,0.357,1,0.214,0.25,0.75,0,0,0,0.063,0.2,1.038,1.786,1.429,1
453,0,0,0,0,0,0,0,0,0,0,0,0,0,0,0,0,0,,,,,,,,,,,,,,,,,,,,,Ratlam,MP,0.471,1,1.118,0.412,0.5,0.088,0,0,0.242,0.488,0.517,1.412,1.353,1
454,0,0,0,0,0,0,0,0,0,0,0,0,0,0,0,0,0,0,,,,,,,,,,,,,,,,,,,,Ratlam,MP,0.667,1,0.765,0.219,0.781,0,0,0,0.214,0.215,0.45,2.556,1.667,1
455,0,0,0,0,0,0,0,0,0,0,0,0,0,0,0,0,,,,,,,,,,,,,,,,,,,,,,Ratlam,MP,0.25,0.625,0.938,0.188,0.813,0,0,0,0.225,0.234,0.156,1.375,1.75,1
456,0,0,0,0,0,0,0,0,0,0,0,0,0,0,0,0,0,0,0,,,,,,,,,,,,,,,,,,,Ratlam,MP,0.579,1,1,0.079,0.895,0,0,0.026,0.281,0.213,0.221,1.842,1.737,1
457,0,0,0,0,0,0,0,0,0,0,0,0,0,0,0,0,,,,,,,,,,,,,,,,,,,,,,Ratlam,MP,0.313,0.75,0.875,0.2,0.8,0,0,0,0.169,0.241,0.45,2.188,1.625,1
463,0,0,0,0,0,0,0,0,0,0,0,0,0,0,0,0,0,,,,,,,,,,,,,,,,,,,,,Ratlam,MP,0.706,1,1,0.382,0.588,0,0,0.029,0.075,0.374,1.1,1.588,1.706,1
464,0,0,0,0,0,0,0,0,0,0,0,0,0,0,0,0,0,,,,,,,,,,,,,,,,,,,,,Ratlam,MP,0.647,1,1.059,0.588,0.412,0,0,0,0.113,0.582,0.469,2.294,2,1
465,0,0,0,0,0,0,0,0,0,0,0,0,0,0,0,0,0,0,,,,,,,,,,,,,,,,,,,,Ratlam,MP,0.611,1,1.056,0.694,0.278,0,0,0.028,0.131,0.536,0.583,1.556,1.333,1
466,0,0,0,0,0,0,0,0,0,0,0,0,0,0,0,0,0,,,,,,,,,,,,,,,,,,,,,Ratlam,MP,0.765,1,1,0.284,0.578,0.059,0.02,0.059,0.121,0.356,0.406,1.941,2.412,1
467,0,0,0,0,0,0,0,0,0,0,0,0,0,0,0,0,0,0,0,0,,,,,,,,,,,,,,,,,,Ratlam,MP,0.7,1,1,0.133,0.783,0.042,0.042,0,0.115,0.215,0.528,2.1,2.45,1
469,0,0,0,0,0,0,0,0,0,0,0,0,0,,,,,,,,,,,,,,,,,,,,,,,,,Ratlam,MP,0.2,0.6,1,0.433,0.567,0,0,0,0.133,0.46,0.917,1.933,2.6,1
475,0,0,0,0,0,0,0,0,0,0,0,0,0,0,0,0,0,,,,,,,,,,,,,,,,,,,,,Ratlam,MP,0.294,1,1,0.294,0.706,0,0,0,0.053,0.303,0.909,1.824,2.471,1
476,0,0,0,0,0,0,0,0,0,0,0,0,0,0,0,0,,,,,,,,,,,,,,,,,,,,,,Ratlam,MP,0.375,0.875,1.125,0.625,0.375,0,0,0,0.127,0.525,0.865,1.938,1.375,1
477,0,0,0,0,0,0,0,0,0,0,,,,,,,,,,,,,,,,,,,,,,,,,,,,Ratlam,MP,0.4,1,0.8,0.35,0.6,0.05,0,0,0.133,0.31,0.93,2.6,1.5,1
478,0,0,0,0,0,0,0,0,0,0,0,0,0,0,0,0,0,0,,,,,,,,,,,,,,,,,,,,Ratlam,MP,0.611,1,1.056,0.028,0.861,0.056,0,0.056,0.26,0.206,0.271,1.556,2.222,1
479,0,0,0,0,0,0,0,0,0,0,0,0,0,0,0,,,,,,,,,,,,,,,,,,,,,,,Ratlam,MP,0.267,0.467,0.2,0.233,0.7,0,0.067,0,0.047,0.21,0.139,1.467,1.8,1
481,0,0,0,0,0,0,0,0,0,0,0,0,0,0,0,0,0,0,0,,,,,,,,,,,,,,,,,,,Ratlam,MP,0.474,0.947,1.316,0.158,0.842,0,0,0,0.189,0.274,0.684,2.263,1.947,1
486,0,0,0,0,0,0,0,0,0,0,0,0,0,0,0,,,,,,,,,,,,,,,,,,,,,,,Ratlam,MP,0,0.533,1,0.071,0.929,0,0,0,0.202,0.257,0.417,2.533,2.733,1
487,0,0,0,0,0,0,0,0,0,0,0,0,0,0,0,0,,,,,,,,,,,,,,,,,,,,,,Ratlam,MP,0.313,0.938,0.938,0.167,0.833,0,0,0,0.081,0.109,0.375,2.813,1.813,1
488,0,0,0,0,0,0,0,0,0,0,0,0,0,0,0,0,,,,,,,,,,,,,,,,,,,,,,Ratlam,MP,0.625,0.813,0.938,0.067,0.933,0,0,0,0.2,0.138,0.357,2.938,1.938,1
489,0,0,0,0,0,0,0,0,0,0,,,,,,,,,,,,,,,,,,,,,,,,,,,,Ratlam,MP,1,0.6,1,0.056,0.944,0,0,0,0.208,0.195,0.45,2.2,2.3,1
490,0,0,0,0,0,0,0,0,0,0,0,0,0,0,0,0,,,,,,,,,,,,,,,,,,,,,,Ratlam,MP,0.813,0.813,0.875,0.067,0.933,0,0,0,0.207,0.269,0.93,1.375,1.25,1
492,0,0,0,0,0,0,0,0,0,0,0,0,0,0,0,,,,,,,,,,,,,,,,,,,,,,,Ratlam,MP,0.867,1,1,0.208,0.792,0,0,0,0.215,0.19,0.25,3,2.267,1
493,0,0,0,0,0,0,0,0,0,0,0,0,0,0,0,0,0,,,,,,,,,,,,,,,,,,,,,Ratlam,MP,0.176,0.941,1.353,0.029,0.912,0,0,0.059,0.282,0.188,0.333,1.647,1.647,1
494,0,0,0,0,0,0,0,0,0,0,0,0,0,0,,,,,,,,,,,,,,,,,,,,,,,,Ratlam,MP,0.286,1,1.071,0.188,0.729,0.021,0.063,0,0.371,0.246,0.792,1.5,1.857,1
495,0,0,0,0,0,0,0,0,0,0,0,0,0,0,0,0,0,,,,,,,,,,,,,,,,,,,,,Ratlam,MP,0.824,1,1.438,0.074,0.75,0.162,0.015,0,0.164,0.165,0.338,1.824,1.706,1
496,0,0,0,0,0,0,,,,,,,,,,,,,,,,,,,,,,,,,,,,,,,,Ratlam,MP,0.833,1,1,0,1,0,0,0,0.125,0.083,0.45,1.5,2.167,1
502,0,0,0,0,0,0,0,0,0,0,0,0,0,0,0,0,,,,,,,,,,,,,,,,,,,,,,Ratlam,MP,0.813,1,1.063,0.033,0.822,0,0.122,0.022,0.022,0.022,0.625,1.438,1.75,1
503,0,0,0,0,0,0,0,0,0,0,0,0,0,0,0,0,0,0,,,,,,,,,,,,,,,,,,,,Ratlam,MP,0.5,1,1,0.137,0.755,0.049,0.059,0,0.214,0.294,0.93,1.944,1.167,1
504,0,0,0,0,0,0,0,0,0,0,0,0,0,0,0,0,0,0,0,,,,,,,,,,,,,,,,,,,Ratlam,MP,0.684,1,1.105,0.132,0.868,0,0,0,0.165,0.153,0.25,2.263,1.947,1
505,0,0,0,0,0,0,0,0,0,0,0,0,0,0,0,0,,,,,,,,,,,,,,,,,,,,,,Ratlam,MP,0.313,1,1,0.167,0.689,0.022,0.089,0.033,0.025,0.088,0.297,1.188,1.75,1
506,0,0,0,0,0,0,0,0,0,0,0,0,0,0,0,0,0,,,,,,,,,,,,,,,,,,,,,Ratlam,MP,0.235,1,1,0,0.929,0,0.071,0,0.141,0.141,0.382,1.588,1.765,1
507,0,0,0,0,0,0,0,0,0,0,0,0,0,0,0,0,0,0,0,,,,,,,,,,,,,,,,,,,Ratlam,MP,0.789,0.947,1,0.395,0.605,0,0,0,0.388,0.203,0.724,1.526,2.053,1
514,0,0,0,0,0,0,0,0,0,0,0,0,0,0,0,0,,,,,,,,,,,,,,,,,,,,,,Ratlam,MP,0.375,0.438,1,0.031,0.969,0,0,0,0.273,0.244,0.375,1.75,2,1
515,0,0,0,0,0,0,0,0,0,0,0,0,0,0,0,0,0,,,,,,,,,,,,,,,,,,,,,Ratlam,MP,0.471,1,0.882,0.063,0.875,0.063,0,0,0.275,0.168,0.235,2.412,2.118,1
516,0,0,0,0,0,0,0,0,0,0,0,0,0,0,0,0,,,,,,,,,,,,,,,,,,,,,,Ratlam,MP,0,1,1,0.125,0.875,0,0,0,0.203,0.244,0.391,2.688,2.313,1
517,0,0,0,0,0,0,0,0,0,0,0,0,0,0,0,0,0,,,,,,,,,,,,,,,,,,,,,Ratlam,MP,0.412,0.941,1,0.324,0.647,0,0.029,0,0.215,0.103,0.897,1.824,2,1
524,0,0,0,0,0,0,0,0,0,0,0,0,0,0,0,0,0,0,0,0,0,0,0,0,0,0,0,0,0,0,0,,,,,,,Ratlam,MP,0.161,0.774,1.033,0.242,0.71,0.016,0,0.032,0.13,0.234,0.54,1.774,2.129,1
525,0,0,0,0,0,0,0,0,0,0,0,0,0,0,0,0,0,,,,,,,,,,,,,,,,,,,,,Ratlam,MP,0.647,1,1,0,1,0,0,0,0.182,0.212,0.721,2.412,2.941,1
526,0,0,0,0,0,0,0,0,0,0,0,0,0,0,0,0,,,,,,,,,,,,,,,,,,,,,,Ratlam,MP,0.313,1,1,0,1,0,0,0,0.119,0.144,0.617,2.25,1.938,1
533,0,0,0,0,0,0,0,0,0,0,0,0,0,0,0,,,,,,,,,,,,,,,,,,,,,,,Ratlam,MP,0.6,1,1.133,0.405,0.512,0.024,0.06,0,0.429,0.283,1.173,2.267,2.467,1
534,0,0,0,0,0,0,0,0,0,0,0,0,0,0,0,0,,,,,,,,,,,,,,,,,,,,,,Ratlam,MP,0,1,1,0.2,0.8,0,0,0,0.219,0.244,0.571,1.313,2.125,1
535,0,0,0,0,0,0,0,0,0,0,0,0,0,0,0,0,,,,,,,,,,,,,,,,,,,,,,Ratlam,MP,0.313,1,1,0.146,0.615,0.063,0.146,0.031,0.48,0.388,1.25,1.438,1.813,1
538,0,0,0,0,0,0,0,0,0,0,0,0,0,0,0,,,,,,,,,,,,,,,,,,,,,,,Ratlam,MP,0.533,1,1,0,0.967,0.033,0,0,0.09,0.14,0.45,1.8,2,1
539,0,0,0,0,0,0,0,0,0,0,0,0,0,0,0,0,0,,,,,,,,,,,,,,,,,,,,,Ratlam,MP,0.706,0.882,1,0.094,0.906,0,0,0,0.182,0.182,0.5,2.059,2.353,1
540,0,0,0,0,0,0,0,0,0,0,0,0,0,0,0,0,,,,,,,,,,,,,,,,,,,,,,Ratlam,MP,0.688,1,1,0.531,0.469,0,0,0,0.407,0.194,1.094,1.313,1.875,1
544,0,0,0,0,0,0,0,0,0,0,0,0,0,0,0,0,0,0,,,,,,,,,,,,,,,,,,,,Ratlam,MP,0.611,1,0.938,0,1,0,0,0,0.15,0.081,0.515,1.889,1.778,1
545,0,0,0,0,0,0,0,0,0,0,0,0,0,0,0,,,,,,,,,,,,,,,,,,,,,,,Ratlam,MP,0.267,1,0.6,0.189,0.756,0.056,0,0,0.1,0.187,0.393,1.533,1.933,1
1034,0,0,0,0,0,0,0,0,0,0,1,0,0,0,0,0,,,,,,,,,,,,,,,,,,,,,,Ratlam,MP,0.688,0.938,0.6,0.188,0.75,0,0.063,0,0.102,0.156,0.25,1.438,1.813,1
1037,0,0,0,0,0,0,0,0,0,0,0,,,,,,,,,,,,,,,,,,,,,,,,,,,Ratlam,MP,0.727,1,1,0.545,0.136,0.136,0.182,0,0.233,0.486,0.909,0.909,0.455,1
1038,0,0,1,1,1,0,0,0,0,0,0,0,0,0,0,0,0,0,0,0,0,0,0,,,,,,,,,,,,,,,Ratlam,MP,0.565,1,0.783,0.543,0.304,0.065,0.087,0,0.291,0.535,0.925,1.217,0.696,1
1054,0,0,0,0,0,0,0,0,0,0,0,0,0,0,0,0,0,,,,,,,,,,,,,,,,,,,,,Rollapadu,Dcn,0.529,0.313,0.882,0,1,0,0,0,0.358,0.065,0.121,2,1.176,1
1062,0,0,0,0,0,0,0,0,,,,,,,,,,,,,,,,,,,,,,,,,,,,,,Rollapadu,Dcn,0.625,0.375,1,0.063,0.813,0.125,0,0,0.203,0.113,0.225,1.25,1.375,1
1065,0,0,0,0,0,0,0,,,,,,,,,,,,,,,,,,,,,,,,,,,,,,,Rollapadu,Dcn,0.714,1,1.429,0,1,0,0,0,0,0,0.307,0.714,1,1
1066,0,0,0,0,0,0,0,0,,,,,,,,,,,,,,,,,,,,,,,,,,,,,,Rollapadu,Dcn,0.875,1,1,0,1,0,0,0,0.116,0.05,0.156,2.25,1.75,1
1071,0,0,0,0,0,0,0,0,0,0,0,0,0,,,,,,,,,,,,,,,,,,,,,,,,,Rollapadu,Dcn,0.615,0.308,0.692,0,1,0,0,0,0.131,0.046,0.054,2.077,1,1
1083,0,0,0,0,0,0,0,0,0,0,0,0,0,0,0,0,0,0,0,,,,,,,,,,,,,,,,,,,Rollapadu,Dcn,0.895,0.947,0.947,0.395,0.553,0.026,0,0.026,0.174,0.284,0.334,1.105,0.737,1
1086,0,0,0,0,0,0,0,0,,,,,,,,,,,,,,,,,,,,,,,,,,,,,,Rollapadu,Dcn,0.75,1,0.875,0,1,0,0,0,0,0,0.119,1.75,0.875,1
1091,0,0,0,0,0,0,0,0,0,0,0,0,0,0,,,,,,,,,,,,,,,,,,,,,,,,Rollapadu,Dcn,0.571,1,1,0.321,0.679,0,0,0,0.183,0.3,0.286,1.429,1.071,1
1093,0,0,0,0,0,0,0,0,0,0,0,0,0,0,,,,,,,,,,,,,,,,,,,,,,,,Rollapadu,Dcn,0.786,0,1,0,1,0,0,0,0.111,0.046,0.168,0.929,0.429,1
1099,1,0,0,0,0,0,0,0,0,0,,,,,,,,,,,,,,,,,,,,,,,,,,,,Rollapadu,Dcn,0.9,1,0.7,0.3,0.7,0,0,0,0.197,0.335,0.306,0.9,0.7,1
1101,0,0,0,0,0,0,0,0,,,,,,,,,,,,,,,,,,,,,,,,,,,,,,Rollapadu,Dcn,0.5,1,1.143,0.125,0.5,0.125,0.188,0.063,0.069,0.038,0.019,1.25,1.125,1
1106,0,0,0,0,0,0,0,,,,,,,,,,,,,,,,,,,,,,,,,,,,,,,Rollapadu,Dcn,0,0,1,0,1,0,0,0,0,0,0.179,1,0.857,1
63,0,0,0,0,0,0,0,0,0,0,0,0,0,0,0,0,0,0,0,0,0,,,,,,,,,,,,,,,,,Saurashtra,Guj,0.476,1,1,0.119,0.714,0.119,0,0.048,0.148,0.271,0.122,1.333,1.286,1
65,0,0,0,0,0,0,0,0,0,0,0,0,0,0,0,,,,,,,,,,,,,,,,,,,,,,,Saurashtra,Guj,0.8,1,0.933,0.256,0.589,0.156,0,0,0.115,0.323,0.1,1.533,1.4,1
66,0,0,0,0,0,0,0,0,0,0,0,0,0,0,,,,,,,,,,,,,,,,,,,,,,,,Saurashtra,Guj,0.643,1,1,0.333,0.44,0.155,0.071,0,0.174,0.536,0.377,2.214,1.643,1
67,0,0,0,0,0,0,0,0,0,0,0,0,0,0,0,,,,,,,,,,,,,,,,,,,,,,,Saurashtra,Guj,0.8,1,1,0,0.522,0.322,0.122,0.033,0.344,0.467,0.293,1.8,1.667,1
68,0,0,0,0,0,0,0,0,0,0,0,0,0,0,0,,,,,,,,,,,,,,,,,,,,,,,Saurashtra,Guj,0.733,1,1,0.389,0.456,0.111,0.044,0,0.147,0.517,0.205,2.333,1.8,1
70,0,0,0,0,0,0,0,0,0,0,0,0,0,,,,,,,,,,,,,,,,,,,,,,,,,Saurashtra,Guj,0.846,1,0.846,0.038,0.808,0.115,0.038,0,0.202,0.154,0.05,1.308,2,1
71,0,0,0,0,0,0,0,0,0,0,0,0,0,0,0,,,,,,,,,,,,,,,,,,,,,,,Saurashtra,Guj,0.6,0.867,0.933,0.139,0.528,0.15,0.183,0,0.14,0.123,0.175,1.667,1.6,1
72,0,0,0,0,0,0,0,0,0,0,0,0,0,0,0,0,0,0,,,,,,,,,,,,,,,,,,,,Saurashtra,Guj,0.444,1,1,0,0.861,0.139,0,0,0.161,0.233,0.3,1.833,1.556,1
74,0,0,0,0,0,0,0,0,0,0,,,,,,,,,,,,,,,,,,,,,,,,,,,,Saurashtra,Guj,0.4,0.9,1.3,0.267,0.467,0.133,0.133,0,0.237,0.405,0.361,1.9,1.4,1
78,0,0,0,0,0,0,0,0,0,0,0,0,0,0,0,,,,,,,,,,,,,,,,,,,,,,,Saurashtra,Guj,0.667,0.6,1.2,0.056,0.856,0.022,0.033,0.033,0.175,0.243,0.044,1.733,1.667,1
79,0,0,0,0,0,0,0,0,0,0,0,0,0,0,0,,,,,,,,,,,,,,,,,,,,,,,Saurashtra,Guj,0.533,0.733,1.333,0.078,0.811,0.111,0,0,0.226,0.307,0.063,1.8,2.067,1
84,0,0,0,0,0,0,0,0,0,0,0,0,0,0,0,,,,,,,,,,,,,,,,,,,,,,,Saurashtra,Guj,0.667,0.867,1.533,0.133,0.678,0.122,0.044,0.022,0.117,0.227,0.127,1.6,1.267,1
86,0,0,0,0,0,0,0,0,0,0,0,,,,,,,,,,,,,,,,,,,,,,,,,,,Saurashtra,Guj,0.818,1,1.091,0.167,0.621,0.212,0,0,0.128,0.241,0.345,1.636,1.455,1
87,0,0,0,0,0,0,0,0,,,,,,,,,,,,,,,,,,,,,,,,,,,,,,Saurashtra,Guj,0.375,1,1.5,0.188,0.813,0,0,0,0.118,0.238,0.1,2,1.5,1
88,0,0,0,0,0,0,0,0,0,0,,,,,,,,,,,,,,,,,,,,,,,,,,,,Saurashtra,Guj,0.6,1,1.4,0,0.667,0.167,0.083,0.083,0.228,0.115,0.208,2,1.7,1
89,0,0,0,0,0,0,0,0,0,0,0,0,0,0,0,0,,,,,,,,,,,,,,,,,,,,,,Saurashtra,Guj,0.5,1,1.563,0.063,0.844,0.031,0.063,0,0.243,0.294,0.122,1.813,2.375,1
90,0,0,0,0,0,0,0,0,0,0,0,0,0,0,0,,,,,,,,,,,,,,,,,,,,,,,Saurashtra,Guj,0.6,1,1.267,0.1,0.767,0.1,0.033,0,0.188,0.267,0.036,1.933,2.067,1
92,0,0,0,0,0,0,0,0,0,0,0,0,0,0,0,0,,,,,,,,,,,,,,,,,,,,,,Saurashtra,Guj,1,0.938,0.563,0.161,0.432,0.161,0.245,0,0.324,0.394,0.353,1.313,2.5,1
93,0,0,0,0,0,0,0,0,0,0,0,0,0,0,0,0,0,0,0,0,0,,,,,,,,,,,,,,,,,Saurashtra,Guj,0.762,1,0.524,0,0.492,0.302,0.206,0,0.687,0.517,0.217,0.619,1,1
95,0,0,0,0,0,0,0,0,0,0,0,0,0,0,0,,,,,,,,,,,,,,,,,,,,,,,Saurashtra,Guj,0.533,1,1.2,0.233,0.7,0.067,0,0,0.167,0.343,0.256,1.867,1.333,1
96,0,0,0,0,0,0,0,0,0,0,0,0,0,0,0,0,0,,,,,,,,,,,,,,,,,,,,,Saurashtra,Guj,0.529,0.941,1.235,0.049,0.559,0.294,0.069,0.029,0.262,0.594,0.212,1.765,1.647,1
97,0,0,0,0,0,0,0,0,0,0,0,0,0,0,0,0,0,0,,,,,,,,,,,,,,,,,,,,Saurashtra,Guj,0.667,1,1.5,0.529,0.353,0.088,0,0.029,0.119,0.517,0.339,1.944,1.889,1
98,0,0,0,0,0,0,0,0,0,0,0,0,0,0,0,0,0,0,,,,,,,,,,,,,,,,,,,,Saurashtra,Guj,0.611,1,1.278,0.472,0.389,0.028,0.111,0,0.136,0.528,0.281,1.333,1.889,1
99,0,0,0,0,0,0,0,0,,,,,,,,,,,,,,,,,,,,,,,,,,,,,,Saurashtra,Guj,1,1,1,0.438,0.438,0.125,0,0,0.088,0.394,0.31,1.875,1.625,1
101,0,0,0,0,0,0,0,0,0,0,0,0,0,0,0,0,0,0,0,0,,,,,,,,,,,,,,,,,,Saurashtra,Guj,0.55,0.35,0.8,0.092,0.6,0.25,0.058,0,0.571,0.493,0.16,0.9,0.85,1
102,0,0,0,0,0,0,0,0,0,0,0,0,0,0,0,0,0,,,,,,,,,,,,,,,,,,,,,Saurashtra,Guj,0.765,1,1,0.132,0.691,0.162,0,0.015,0.212,0.426,0.176,1.765,1.118,1
103,0,0,0,0,0,0,0,0,0,0,0,0,0,0,0,0,0,0,,,,,,,,,,,,,,,,,,,,Saurashtra,Guj,0.333,1,1.556,0.241,0.407,0.176,0.111,0.065,0.252,0.356,0.21,1.722,1.778,1
104,0,0,0,0,0,0,0,0,0,0,0,0,0,,,,,,,,,,,,,,,,,,,,,,,,,Saurashtra,Guj,0.692,0.923,1.538,0.288,0.481,0.212,0.019,0,0.135,0.488,0.35,1.769,1.615,1
105,0,0,0,0,0,0,0,0,0,0,0,1,0,1,0,0,,,,,,,,,,,,,,,,,,,,,,Saurashtra,Guj,0.438,1,1.813,0.24,0.552,0.083,0.063,0.063,0.163,0.431,0.383,2.063,1.313,1
106,0,0,0,0,0,0,0,0,0,0,0,0,0,0,0,0,0,,,,,,,,,,,,,,,,,,,,,Saurashtra,Guj,0.412,1,1.294,0.382,0.618,0,0,0,0.143,0.462,0.327,2.235,1.294,1
107,0,0,0,0,0,0,0,0,0,0,0,0,0,0,,,,,,,,,,,,,,,,,,,,,,,,Saurashtra,Guj,0.571,0.929,1.429,0.25,0.679,0.036,0.036,0,0.195,0.461,0.108,1.643,1.714,1
108,0,0,0,0,0,0,0,0,0,,,,,,,,,,,,,,,,,,,,,,,,,,,,,Saurashtra,Guj,0.556,1,1.556,0.574,0.296,0.074,0.056,0,0.154,0.711,0.819,1.333,1.556,1
109,0,0,0,0,0,0,0,0,0,0,0,0,0,0,,,,,,,,,,,,,,,,,,,,,,,,Saurashtra,Guj,0.5,1,1.357,0.452,0.393,0.06,0.095,0,0.261,0.471,0.35,2.071,1.786,1
111,0,0,0,0,0,0,0,0,0,0,0,0,0,0,0,0,0,0,0,0,0,0,,,,,,,,,,,,,,,,Saurashtra,Guj,1,1,0.864,0.117,0.481,0.216,0.186,0,0.431,0.416,0.264,1.818,1.227,1
112,0,0,0,0,0,0,0,0,0,0,0,0,0,0,0,0,0,0,0,0,0,0,0,0,0,0,0,0,,,,,,,,,,Saurashtra,Guj,0.893,1,0.786,0.167,0.56,0.101,0.155,0.018,0.282,0.293,0.057,1.143,1.429,1
113,0,0,0,0,0,0,0,0,0,0,0,0,0,0,0,0,,,,,,,,,,,,,,,,,,,,,,Saurashtra,Guj,0.75,1,1.125,0.156,0.51,0.177,0.125,0.031,0.217,0.309,0.067,1.25,1.188,1
114,0,0,1,0,0,0,0,0,0,0,0,0,0,0,,,,,,,,,,,,,,,,,,,,,,,,Saurashtra,Guj,0.571,1,1.286,0.256,0.482,0.149,0.113,0,0.335,0.321,0.5,2.857,2.214,1
115,0,0,0,0,0,0,0,0,0,0,0,0,0,0,0,0,0,0,0,,,,,,,,,,,,,,,,,,,Saurashtra,Guj,0.789,0.895,1.333,0.219,0.719,0.061,0,0,0.223,0.279,0.075,2.211,1.632,1
116,0,0,0,0,0,0,0,0,0,0,0,0,0,0,,,,,,,,,,,,,,,,,,,,,,,,Saurashtra,Guj,0.571,1,1.643,0.06,0.774,0.024,0,0.143,0.118,0.154,0.144,2.071,1.643,1
119,0,0,0,0,0,0,0,0,0,0,0,0,0,0,,,,,,,,,,,,,,,,,,,,,,,,Saurashtra,Guj,0.786,1,1.143,0.25,0.679,0.071,0,0,0.113,0.346,0.277,1.643,1.286,1
121,0,0,0,0,0,0,0,0,0,0,0,0,0,0,0,0,0,0,,,,,,,,,,,,,,,,,,,,Saurashtra,Guj,0.722,0.944,1.167,0.352,0.435,0.139,0.074,0,0.342,0.567,0.236,1.389,1.556,1
124,0,0,0,0,0,0,0,0,0,0,0,0,0,0,0,0,0,0,0,0,,,,,,,,,,,,,,,,,,Saurashtra,Guj,0.7,1,1.35,0.358,0.492,0.067,0.083,0,0.327,0.5,0.195,1.4,0.75,1
125,0,0,0,0,0,0,0,0,0,0,0,0,0,0,,,,,,,,,,,,,,,,,,,,,,,,Saurashtra,Guj,0.643,1,1.571,0.345,0.417,0.131,0.036,0.071,0.26,0.489,0.188,2.5,1.5,1
126,0,0,0,0,0,0,0,0,0,0,0,0,0,0,0,0,0,0,,,,,,,,,,,,,,,,,,,,Saurashtra,Guj,0.833,0.556,0.833,0.111,0.602,0.241,0.046,0,0.343,0.339,0.169,1,1.222,1
127,0,0,0,0,0,0,0,0,0,0,0,0,0,0,0,0,0,0,0,0,0,0,,,,,,,,,,,,,,,,Saurashtra,Guj,0.864,0.273,1.091,0.299,0.436,0.223,0.042,0,0.252,0.511,0.134,1.591,1.773,1
128,0,0,0,0,0,0,0,0,0,0,0,0,0,0,0,,,,,,,,,,,,,,,,,,,,,,,Saurashtra,Guj,0.933,0.333,1.333,0.144,0.311,0.256,0.133,0.156,0.389,0.473,0.09,1.067,2.133,1
129,0,0,0,0,0,0,0,0,0,0,0,0,0,0,0,0,,,,,,,,,,,,,,,,,,,,,,Saurashtra,Guj,0.813,0.875,0.938,0,0.875,0,0.094,0.031,0.233,0.309,0.21,1.5,1.813,1
130,0,0,0,0,0,0,0,0,0,0,0,0,0,0,0,,,,,,,,,,,,,,,,,,,,,,,Saurashtra,Guj,0.733,1,1.333,0.106,0.583,0.217,0.094,0,0.29,0.483,0.091,1,0.933,1
131,0,0,0,0,0,0,0,0,0,0,0,0,0,0,0,0,0,,,,,,,,,,,,,,,,,,,,,Saurashtra,Guj,0.941,1,1,0.363,0.461,0.059,0.118,0,0.245,0.374,0.312,1.529,0.824,1
132,0,0,0,0,0,0,0,0,0,0,0,0,0,0,0,0,,,,,,,,,,,,,,,,,,,,,,Saurashtra,Guj,0.5,1,1.375,0.25,0.552,0.156,0.042,0,0.298,0.584,0.193,2.625,1.563,1
133,0,0,0,0,0,0,0,0,0,0,0,0,0,0,,,,,,,,,,,,,,,,,,,,,,,,Saurashtra,Guj,0.571,1,1.429,0.357,0.44,0.143,0.06,0,0.264,0.675,0.96,1.214,1.214,1
134,0,0,0,0,0,0,0,0,0,0,0,0,0,0,0,,,,,,,,,,,,,,,,,,,,,,,Saurashtra,Guj,0.6,1,1,0.267,0.7,0,0.033,0,0.117,0.247,0.281,1.267,1.333,1
135,0,0,0,0,0,0,0,0,0,0,0,0,0,0,0,,,,,,,,,,,,,,,,,,,,,,,Saurashtra,Guj,0.467,0.867,1.214,0.429,0.429,0.071,0.071,0,0.197,0.373,0.205,2.133,1.667,1
137,0,0,0,0,0,0,0,0,0,0,0,0,0,0,0,0,0,0,,,,,,,,,,,,,,,,,,,,Saurashtra,Guj,0.278,1,0.889,0.324,0.324,0.139,0.213,0,0.614,0.592,0.785,1.889,1.167,1
138,0,0,0,0,0,0,0,0,0,0,0,0,0,0,,,,,,,,,,,,,,,,,,,,,,,,Saurashtra,Guj,0.357,0.857,1.286,0.024,0.25,0.214,0.512,0,0.236,0.743,0.204,1.357,2.214,1
139,0,0,0,0,0,0,0,0,0,0,0,0,0,0,0,,,,,,,,,,,,,,,,,,,,,,,Saurashtra,Guj,0.733,0.733,0.929,0.389,0.556,0,0.056,0,0.194,0.543,0.438,1.533,1.267,1
141,0,0,0,0,0,0,0,0,0,0,0,0,0,0,0,,,,,,,,,,,,,,,,,,,,,,,Saurashtra,Guj,0.6,0.8,1.067,0.344,0.267,0.278,0.111,0,0.272,0.703,0.3,2,1.733,1
145,0,0,0,0,0,0,0,0,0,0,0,0,0,0,0,0,0,0,0,0,0,0,0,0,0,,,,,,,,,,,,,Saurashtra,Guj,0.72,1,1.04,0.1,0.607,0.127,0.167,0,0.36,0.436,0.52,1.24,1.04,1
146,0,0,0,0,0,0,0,0,0,0,0,0,0,0,0,0,,,,,,,,,,,,,,,,,,,,,,Saurashtra,Guj,0.5,1,1.688,0.375,0.219,0.094,0.25,0.063,0.176,0.684,0.165,1.063,0.625,1
147,0,0,0,0,0,0,0,0,0,0,0,0,0,0,0,0,,,,,,,,,,,,,,,,,,,,,,Saurashtra,Guj,0.625,0.938,0.75,0.172,0.339,0.306,0.183,0,0.126,0.228,0.084,1.938,2.188,1
149,0,0,0,0,0,0,0,0,0,0,0,0,0,0,0,,,,,,,,,,,,,,,,,,,,,,,Saurashtra,Guj,0.4,0.933,1.067,0.5,0.429,0.036,0,0.036,0.189,0.563,0.335,1.533,1.6,1
150,0,0,0,0,0,0,0,0,0,0,0,0,0,0,0,0,0,0,0,0,0,,,,,,,,,,,,,,,,,Saurashtra,Guj,0.333,1,1.286,0.383,0.383,0.208,0.025,0,0.202,0.69,0.356,1.524,1.524,1
151,0,0,0,0,0,0,0,0,0,0,0,0,0,,,,,,,,,,,,,,,,,,,,,,,,,Saurashtra,Guj,0.615,0.769,1.231,0.397,0.321,0.244,0.038,0,0.138,0.612,0.813,1,1.077,1
156,0,0,0,0,0,0,0,0,0,0,0,0,0,0,0,0,,,,,,,,,,,,,,,,,,,,,,Saurashtra,Guj,0.438,1,1,0.365,0.427,0,0.208,0,0.14,0.378,0.1,1.875,1.375,1
157,0,0,0,0,0,0,0,0,0,0,0,0,0,0,0,0,0,0,0,0,,,,,,,,,,,,,,,,,,Saurashtra,Guj,0.75,1,1.2,0.233,0.467,0.042,0.258,0,0.193,0.405,0.189,1.7,1.45,1
159,0,0,0,0,0,0,0,0,0,0,0,0,0,0,0,,,,,,,,,,,,,,,,,,,,,,,Saurashtra,Guj,0.667,1,1.2,0.1,0.6,0.233,0.033,0.033,0.25,0.45,0.342,1.533,1.267,1
160,0,0,0,0,0,0,0,0,0,0,0,0,0,0,0,0,,,,,,,,,,,,,,,,,,,,,,Saurashtra,Guj,0.188,1,1.063,0.144,0.622,0.144,0.089,0,0.19,0.375,0.291,2,1.5,1
161,0,0,0,0,0,0,0,0,0,0,0,0,0,0,,,,,,,,,,,,,,,,,,,,,,,,Saurashtra,Guj,0.429,1,1.143,0.393,0.333,0.202,0.071,0,0.201,0.323,0.66,1.714,1.929,1
162,0,0,0,0,0,0,0,0,0,0,0,0,0,0,0,,,,,,,,,,,,,,,,,,,,,,,Saurashtra,Guj,0.267,1,1.067,0.189,0.467,0.267,0.078,0,0.229,0.467,0.413,1.733,1.4,1
163,0,0,0,0,0,0,0,0,0,0,0,0,0,0,0,0,,,,,,,,,,,,,,,,,,,,,,Saurashtra,Guj,0.125,1,1.063,0.333,0.365,0.115,0.188,0,0.161,0.288,0.225,1.25,1.188,1
174,0,0,0,0,0,0,0,0,0,0,0,0,0,0,0,,,,,,,,,,,,,,,,,,,,,,,Saurashtra,Guj,0.4,0.733,1.333,0.206,0.139,0.439,0.072,0.144,0.279,0.627,0.439,1.333,0.8,1
175,0,0,0,0,0,0,0,0,0,0,0,0,0,0,0,,,,,,,,,,,,,,,,,,,,,,,Saurashtra,Guj,0.667,1,1.133,0.1,0.6,0.3,0,0,0.151,0.29,0.342,1.4,1.2,1
180,0,0,0,0,0,0,0,0,0,0,0,0,0,0,,,,,,,,,,,,,,,,,,,,,,,,Saurashtra,Guj,1,1,1,0,0.321,0.071,0.607,0,0.112,0.711,0.112,2.143,2.357,1
185,0,0,0,0,0,0,0,0,0,0,0,0,0,0,0,,,,,,,,,,,,,,,,,,,,,,,Saurashtra,Guj,0.533,0.4,1.133,0.111,0.511,0.344,0,0.033,0.125,0.2,0.464,1.467,1.267,1
198,0,0,0,0,0,0,0,0,0,0,0,0,0,0,0,,,,,,,,,,,,,,,,,,,,,,,Saurashtra,Guj,0.6,1,1.4,0.25,0.393,0.321,0.036,0,0.319,0.653,0.5,1.667,1.267,1
199,0,0,0,0,0,0,0,0,0,0,0,0,0,0,,,,,,,,,,,,,,,,,,,,,,,,Saurashtra,Guj,0.643,1,1.357,0.036,0.286,0.286,0.036,0.357,0.211,0.268,0.171,1.286,1.143,1
203,0,0,0,0,0,0,0,0,0,0,0,0,0,0,0,,,,,,,,,,,,,,,,,,,,,,,Saurashtra,Guj,0.667,0.867,1.267,0.3,0.467,0.178,0,0.056,0.274,0.647,0.097,2.133,2.8,1
210,0,0,0,0,0,0,0,0,0,0,0,,,,,,,,,,,,,,,,,,,,,,,,,,,Saurashtra,Guj,0.455,1,1.545,0.121,0.576,0.303,0,0,0.178,0.573,0.4,1.545,1.182,1
211,0,0,0,0,0,0,0,0,0,0,0,0,0,0,0,0,,,,,,,,,,,,,,,,,,,,,,Saurashtra,Guj,0.813,1,1.125,0.24,0.615,0.052,0,0.094,0.147,0.281,0.308,2,1.688,1
216,0,0,0,0,0,0,0,0,0,0,0,,,,,,,,,,,,,,,,,,,,,,,,,,,Saurashtra,Guj,0.909,1,0.909,0.136,0.348,0.091,0.394,0.03,0.714,0.509,0.5,2,1.818,1
217,0,0,0,0,0,0,0,0,0,0,0,0,0,0,0,0,0,0,0,0,0,,,,,,,,,,,,,,,,,Saurashtra,Guj,0.571,1,0.905,0.04,0.46,0.151,0.349,0,0.771,0.579,0.6,1.429,1.333,1
224,0,0,0,0,0,0,0,0,0,0,0,0,0,0,0,,,,,,,,,,,,,,,,,,,,,,,Saurashtra,Guj,0.6,1,1.133,0.056,0.589,0.033,0.322,0,0.227,0.36,0.365,2,1.933,1
225,0,0,0,0,0,0,0,0,0,0,0,0,0,0,,,,,,,,,,,,,,,,,,,,,,,,Saurashtra,Guj,0.714,1,1.357,0,0.643,0.036,0.321,0,0.208,0.354,0.42,2,1.857,1
226,0,0,0,0,0,0,0,0,0,0,0,0,0,,,,,,,,,,,,,,,,,,,,,,,,,Saurashtra,Guj,0.692,1,1,0.346,0.538,0,0.115,0,0.115,0.338,0.205,1.846,1.308,1
229,0,0,0,0,0,0,0,0,0,0,0,0,0,0,0,0,0,,,,,,,,,,,,,,,,,,,,,Saurashtra,Guj,0.706,1,1.765,0.235,0.676,0,0.059,0.029,0.187,0.5,0.774,1.118,0.529,1
230,0,0,0,0,0,0,0,0,0,0,0,0,,,,,,,,,,,,,,,,,,,,,,,,,,Saurashtra,Guj,0.583,1,1.333,0.028,0.861,0.028,0.083,0,0.192,0.446,0.258,1.667,1.083,1
231,0,0,0,0,0,0,0,,,,,,,,,,,,,,,,,,,,,,,,,,,,,,,Saurashtra,Guj,0.429,1,1,0,0.476,0.405,0.071,0.048,0.418,0.486,0.164,1.857,1.571,1
237,0,0,0,0,0,0,0,0,0,0,0,0,0,,,,,,,,,,,,,,,,,,,,,,,,,Saurashtra,Guj,0.692,1,1.077,0.449,0.256,0.038,0.141,0.115,0.124,0.335,0.177,0.692,0,1
238,0,0,0,0,0,0,0,0,0,,,,,,,,,,,,,,,,,,,,,,,,,,,,,Saurashtra,Guj,0.556,1,1.889,0.056,0.815,0.093,0.037,0,0.271,0.383,0.117,1.667,0.667,1
239,0,0,0,0,0,0,0,0,0,0,0,0,0,0,0,0,0,0,0,0,,,,,,,,,,,,,,,,,,Saurashtra,Guj,0.8,1,1.7,0.367,0.467,0.1,0.067,0,0.194,0.463,0.235,1.25,0.85,1
248,0,0,0,0,0,0,0,0,0,0,0,0,0,0,0,0,0,,,,,,,,,,,,,,,,,,,,,Saurashtra,Guj,0.412,0.941,1.059,0.039,0.775,0.098,0.088,0,0.118,0.147,0.338,1.235,1.118,1
249,0,0,0,0,0,0,0,0,0,0,0,0,0,0,0,0,,,,,,,,,,,,,,,,,,,,,,Saurashtra,Guj,0.25,0.875,0.438,0.188,0.656,0.156,0,0,0.151,0.316,0.839,1.438,1,1
250,0,0,0,0,0,0,0,0,0,0,0,0,0,0,0,,,,,,,,,,,,,,,,,,,,,,,Saurashtra,Guj,0.267,0.733,0.667,0,0.6,0.3,0,0.1,0.168,0.18,0.45,1.733,1.333,1
258,0,0,0,0,0,0,0,0,0,0,0,0,0,0,0,,,,,,,,,,,,,,,,,,,,,,,Saurashtra,Guj,0.933,1,1.267,0.033,0.833,0.033,0.1,0,0.272,0.193,0.473,1.733,1.067,1
259,0,0,0,0,0,0,0,0,0,0,0,0,0,0,0,,,,,,,,,,,,,,,,,,,,,,,Saurashtra,Guj,0.8,1,1,0,0.867,0,0.133,0,0.229,0.243,0.404,2.267,1.733,1
260,0,0,0,0,0,0,0,0,0,0,0,0,0,0,0,,,,,,,,,,,,,,,,,,,,,,,Saurashtra,Guj,0.467,1,1.067,0.411,0.444,0.122,0.022,0,0.301,0.46,0.247,1.4,1.667,1
261,0,0,0,0,0,0,0,0,0,0,0,0,,,,,,,,,,,,,,,,,,,,,,,,,,Saurashtra,Guj,0.5,1,1,0.028,0.653,0.278,0,0.042,0.116,0.3,0.236,0.917,1.667,1
266,0,0,0,0,0,0,0,0,0,0,0,0,0,0,0,,,,,,,,,,,,,,,,,,,,,,,Saurashtra,Guj,0.667,0.933,1.467,0.239,0.539,0.106,0.117,0,0.151,0.277,0.213,1.867,0.933,1
267,0,0,0,0,0,0,0,0,0,0,0,0,0,0,0,,,,,,,,,,,,,,,,,,,,,,,Saurashtra,Guj,0.667,1,1,0.067,0.733,0.167,0.033,0,0.15,0.24,0.261,1.533,0.4,1
268,0,0,0,0,0,0,0,0,0,0,0,0,0,0,0,,,,,,,,,,,,,,,,,,,,,,,Saurashtra,Guj,0.667,1,1.533,0.133,0.7,0.167,0,0,0.1,0.2,0.245,1,0.667,1
269,0,0,0,0,0,0,0,0,0,0,0,0,0,0,0,0,0,,,,,,,,,,,,,,,,,,,,,Saurashtra,Guj,0.647,1,0.882,0.118,0.676,0.176,0,0.029,0.147,0.212,0.371,1.529,0.235,1
270,0,0,0,0,0,0,0,0,0,0,0,0,0,0,0,,,,,,,,,,,,,,,,,,,,,,,Saurashtra,Guj,0.333,0.8,0.733,0.1,0.533,0.233,0,0.133,0.516,0.27,0.341,0.867,0.2,1
272,0,0,0,0,0,0,0,0,0,0,0,0,0,0,,,,,,,,,,,,,,,,,,,,,,,,Saurashtra,Guj,0.357,0.857,0.786,0.154,0.577,0.115,0.077,0.077,0.236,0.289,0.309,1.214,1.071,1
276,0,0,0,0,0,0,0,0,0,0,0,0,0,0,0,,,,,,,,,,,,,,,,,,,,,,,Saurashtra,Guj,0.467,1,1.333,0.3,0.633,0.033,0,0.033,0.122,0.253,0.293,0.733,0.467,1
277,0,0,0,0,0,0,0,0,0,0,0,0,0,0,0,0,,,,,,,,,,,,,,,,,,,,,,Saurashtra,Guj,0.5,0.875,1.313,0.063,0.813,0.063,0,0.063,0.198,0.322,0.35,0.5,0.75,1
286,0,0,0,0,0,0,0,0,0,0,0,0,0,0,0,,,,,,,,,,,,,,,,,,,,,,,Saurashtra,Guj,0.933,1,0.933,0.033,0.833,0.133,0,0,0.242,0.173,0.6,1.067,1,1
287,0,0,0,0,0,0,0,0,0,0,0,0,0,0,0,,,,,,,,,,,,,,,,,,,,,,,Saurashtra,Guj,0.4,1,1.867,0.356,0.411,0.178,0.022,0.033,0.213,0.387,0.25,1.067,0.8,1
288,0,0,0,0,0,0,0,0,0,0,0,0,0,0,,,,,,,,,,,,,,,,,,,,,,,,Saurashtra,Guj,0.286,0.929,1.071,0.095,0.762,0.119,0,0.024,0.24,0.25,0.219,0.929,1.571,1
291,0,0,0,0,0,0,0,0,0,0,0,0,0,,,,,,,,,,,,,,,,,,,,,,,,,Saurashtra,Guj,0.769,1,0.923,0,0.462,0.231,0,0.308,0.438,0.265,1.133,0.846,0.231,1
292,0,0,0,0,0,0,,,,,,,,,,,,,,,,,,,,,,,,,,,,,,,,Saurashtra,Guj,1,1,1,0.389,0.167,0.222,0,0.222,0.166,0.542,0.217,0.833,0,1
296,0,0,0,0,0,0,0,0,0,,,,,,,,,,,,,,,,,,,,,,,,,,,,,Saurashtra,Guj,0.667,1,1,0.222,0.333,0.333,0,0.111,0.1,0.383,0.3,1.667,1.667,1
297,0,0,0,0,0,0,0,0,0,0,0,0,,,,,,,,,,,,,,,,,,,,,,,,,,Saurashtra,Guj,0.5,1,0.833,0.069,0.611,0.153,0,0.167,0.1,0.271,0.106,1.5,0.75,1
298,0,0,0,0,0,0,0,0,0,0,0,0,0,0,0,,,,,,,,,,,,,,,,,,,,,,,Saurashtra,Guj,0.667,0.867,1.067,0.2,0.567,0.233,0,0,0.283,0.41,0.213,1.667,1,1
299,0,0,0,0,0,0,0,0,0,0,0,0,0,0,,,,,,,,,,,,,,,,,,,,,,,,Saurashtra,Guj,0.786,1,1,0.31,0.417,0.202,0,0.071,0.128,0.321,0.642,0.643,0.5,1
300,0,0,0,0,0,0,0,0,0,0,0,0,0,0,0,,,,,,,,,,,,,,,,,,,,,,,Saurashtra,Guj,0.467,1,1.333,0.089,0.722,0.189,0,0,0.194,0.253,0.663,1.067,1,1
301,0,0,0,0,0,0,0,0,0,0,0,0,0,0,0,0,,,,,,,,,,,,,,,,,,,,,,Saurashtra,Guj,0.438,1,1.063,0.094,0.625,0.063,0,0.219,0.169,0.178,0.259,1.125,1.25,1
302,0,0,0,0,0,0,0,0,0,0,0,0,0,0,0,0,,,,,,,,,,,,,,,,,,,,,,Saurashtra,Guj,0.563,1,1,0.042,0.115,0.729,0,0.115,0.132,0.309,0.554,1.563,1.313,1
304,0,0,0,0,0,0,0,0,0,0,0,0,0,0,0,,,,,,,,,,,,,,,,,,,,,,,Saurashtra,Guj,0.667,1,1.067,0.033,0.767,0.067,0,0.133,0.11,0.14,0.34,1.467,0.867,1
305,0,0,0,0,0,0,0,0,0,0,0,0,0,0,0,,,,,,,,,,,,,,,,,,,,,,,Saurashtra,Guj,0.867,1,1,0.144,0.4,0.322,0,0.133,0.333,0.453,0.146,0.867,1.067,1
306,0,0,0,0,0,0,0,0,0,0,0,0,0,0,0,0,0,,,,,,,,,,,,,,,,,,,,,Saurashtra,Guj,0.706,0.941,0.647,0.176,0.618,0.147,0,0.059,0.088,0.2,0.107,1,0.059,1
312,0,0,0,0,0,0,0,0,0,0,0,1,,,,,,,,,,,,,,,,,,,,,,,,,,Saurashtra,Guj,0.417,1,0.917,0.264,0.347,0.389,0,0,0.18,0.4,0.294,0.917,1.25,1
316,0,0,0,0,0,0,0,0,0,0,0,0,0,,,,,,,,,,,,,,,,,,,,,,,,,Saurashtra,Guj,0.385,0.923,0.769,0.115,0.603,0.103,0.179,0,0.227,0.362,0.614,1.538,0.769,1
317,0,0,0,0,0,0,0,0,0,0,0,0,0,0,0,,,,,,,,,,,,,,,,,,,,,,,Saurashtra,Guj,0.467,1,0.8,0.067,0.7,0.233,0,0,0.195,0.43,1.04,2.067,1.133,1
1016,0,0,0,0,0,0,0,0,0,0,0,0,0,0,,,,,,,,,,,,,,,,,,,,,,,,Saurashtra,Guj,0.357,0.571,1.429,0.064,0.526,0.321,0.038,0.051,0.102,0.229,0.09,1.429,1.643,1
1018,0,0,0,0,0,0,0,0,0,0,0,0,0,0,0,0,0,0,0,0,0,0,0,0,0,0,0,0,,,,,,,,,,Saurashtra,Guj,0.607,0.714,0.964,0,0.81,0.113,0.054,0.024,0.212,0.191,0.15,1.821,1.571,1
1019,0,0,0,0,0,0,0,0,0,0,0,0,0,0,,,,,,,,,,,,,,,,,,,,,,,,Saurashtra,Guj,0.357,1,1.5,0.036,0.667,0.238,0,0.06,0.102,0.2,0.068,1.214,1,1
1020,0,0,0,0,0,0,0,0,0,0,0,0,0,0,,,,,,,,,,,,,,,,,,,,,,,,Saurashtra,Guj,0.714,0.929,1.286,0.071,0.786,0.071,0.071,0,0.172,0.236,0.229,1.786,1.357,1
1021,0,0,0,0,0,0,0,,,,,,,,,,,,,,,,,,,,,,,,,,,,,,,Saurashtra,Guj,0.571,0.714,1,0.048,0.69,0.119,0.143,0,0.22,0.186,0.192,1.286,2.143,1
1024,0,0,0,0,0,0,0,0,,,,,,,,,,,,,,,,,,,,,,,,,,,,,,Saurashtra,Guj,0.75,1,1.25,0.188,0.625,0.125,0.063,0,0.284,0.313,0.293,1.875,0.375,1
1025,0,0,0,0,0,0,0,0,0,0,0,0,0,0,0,0,0,,,,,,,,,,,,,,,,,,,,,Saurashtra,Guj,0.471,1,1.412,0.255,0.49,0.147,0.108,0,0.309,0.309,0.206,2.118,0.471,1
1026,0,0,0,0,0,0,0,0,0,0,0,0,0,0,0,0,0,,,,,,,,,,,,,,,,,,,,,Saurashtra,Guj,0.353,0.941,1.882,0.216,0.745,0.039,0,0,0.27,0.326,0.147,1.471,0.765,1
1027,0,0,0,0,0,0,0,0,0,0,0,0,0,0,0,0,1,0,,,,,,,,,,,,,,,,,,,,Saurashtra,Guj,0.722,1,1.722,0.37,0.454,0.046,0.13,0,0.273,0.553,0.258,1.667,0.333,1
1028,0,0,0,0,0,0,0,0,0,0,0,0,0,0,0,0,0,,,,,,,,,,,,,,,,,,,,,Saurashtra,Guj,0.647,1,1,0.255,0.373,0.186,0.127,0.059,0.22,0.415,0.12,1.706,1.353,1
1029,0,0,0,0,0,0,0,0,0,0,0,0,0,0,0,0,,,,,,,,,,,,,,,,,,,,,,Saurashtra,Guj,0.688,0.938,0.875,0.281,0.375,0.208,0.135,0,0.39,0.509,0.121,1.438,1.5,1
1031,0,0,0,0,0,0,0,0,0,0,0,0,0,0,0,0,0,0,0,,,,,,,,,,,,,,,,,,,Saurashtra,Guj,0.789,0.947,0.895,0.158,0.658,0.158,0.026,0,0.241,0.361,0.259,1.789,1.316,1
1032,0,0,0,0,0,0,0,0,0,0,0,0,0,0,0,,,,,,,,,,,,,,,,,,,,,,,Saurashtra,Guj,0.533,1,1.067,0.139,0.539,0.272,0.05,0,0.143,0.223,0.064,1.133,1.267,1
1033,0,0,0,0,0,0,0,0,0,0,0,0,0,0,0,0,0,0,0,0,0,0,0,0,0,,,,,,,,,,,,,Saurashtra,Guj,0.8,1,0.84,0.053,0.673,0.16,0.113,0,0.309,0.288,0.108,1.6,1.16,1
id 1,0,0,0,0,0,0,0,0,0,0,0,0,0,0,0,0,,,,,,,,,,,,,,,,,,,,,,Saurashtra,Guj,0.688,0.938,0.938,0.188,0.688,0.125,0,0,0.148,0.272,0.317,1.688,2.125,1
id 2,0,0,0,0,0,0,0,0,0,0,0,0,0,0,0,0,,,,,,,,,,,,,,,,,,,,,,Saurashtra,Guj,0.625,1,1,0.156,0.844,0,0,0,0.07,0.063,0.15,2.313,1.438,1
id 3,0,0,0,0,0,0,0,0,0,0,0,0,0,0,0,,,,,,,,,,,,,,,,,,,,,,,Saurashtra,Guj,0.467,0.8,1.067,0.071,0.679,0.214,0,0.036,0.345,0.303,0.167,2.733,1.533,1
id 4,0,0,0,0,0,0,0,0,0,0,0,0,0,0,0,,,,,,,,,,,,,,,,,,,,,,,Saurashtra,Guj,0.4,1,1.733,0.048,0.5,0.202,0.25,0,0.216,0.42,0.2,1.867,2.067,1
id 5,0,0,0,0,0,0,0,0,0,0,0,0,0,0,0,,,,,,,,,,,,,,,,,,,,,,,Saurashtra,Guj,0.333,0.933,1.933,0.078,0.622,0.144,0.156,0,0.174,0.343,0.46,1.4,1.467,1
546,0,0,0,0,0,0,0,0,0,0,0,0,0,0,0,0,0,,,,,,,,,,,,,,,,,,,,,Shahpura,Rajr,0.765,1,0.941,0.578,0.235,0.147,0.02,0.02,0.192,0.482,1.85,1.118,1.588,1
547,0,0,0,0,0,0,0,0,0,0,0,0,0,0,0,,,,,,,,,,,,,,,,,,,,,,,Shahpura,Rajr,0.8,1,1,0.192,0.231,0.538,0.038,0,0.258,0.467,1.07,1.6,1.733,1
548,0,0,0,0,0,0,0,0,0,0,0,0,0,0,0,,,,,,,,,,,,,,,,,,,,,,,Shahpura,Rajr,0.8,1,0.933,0.233,0.3,0.167,0.3,0,0.132,0.573,1.917,1.933,1.467,1
549,0,0,0,0,0,0,0,0,0,0,0,0,0,0,0,0,,,,,,,,,,,,,,,,,,,,,,Shahpura,Rajr,0.375,0.938,1,0.188,0.531,0.156,0.125,0,0.227,0.291,1.028,1.813,1.25,1
550,0,0,0,0,0,0,0,0,0,0,0,0,0,0,0,0,0,,,,,,,,,,,,,,,,,,,,,Shahpura,Rajr,0.647,0.938,0.412,0.313,0.5,0.188,0,0,0.105,0.432,1.39,2.059,1.353,1
554,0,0,0,0,0,0,0,0,0,0,0,0,0,0,0,,,,,,,,,,,,,,,,,,,,,,,Shahpura,Rajr,0.533,1,1.067,0.167,0.7,0.1,0.033,0,0.187,0.26,1.55,1.467,0.6,1
555,0,0,0,0,0,0,0,0,0,0,0,0,0,0,0,0,,,,,,,,,,,,,,,,,,,,,,Shahpura,Rajr,0.5,0.75,0,0.385,0.302,0,0.292,0.021,0.424,0.434,0.25,1.375,0.688,1
556,0,0,0,0,0,0,0,0,0,0,0,0,0,0,0,0,,,,,,,,,,,,,,,,,,,,,,Shahpura,Rajr,0.75,1,0.6,0.278,0.222,0,0.478,0.022,0.563,0.694,0.688,1.125,0.875,1
557,0,0,0,0,0,0,0,0,0,0,0,0,0,0,0,,,,,,,,,,,,,,,,,,,,,,,Shahpura,Rajr,0.467,0.8,0,0.381,0.393,0,0.131,0.095,0.06,0.353,0.806,1.533,1.2,1
558,0,0,0,0,0,0,0,0,0,0,0,0,0,0,0,,,,,,,,,,,,,,,,,,,,,,,Shahpura,Rajr,0.733,1,0.733,0.5,0.2,0.267,0.033,0,0.422,0.697,0.888,1.467,0.933,1
560,0,0,0,0,0,0,0,0,0,0,0,0,0,0,0,0,0,0,,,,,,,,,,,,,,,,,,,,Shahpura,Rajr,0.778,1,0.824,0.278,0.556,0.139,0.028,0,0.239,0.3,1.715,1.056,0.889,1
561,0,0,0,0,0,0,0,0,0,0,0,0,0,0,0,,,,,,,,,,,,,,,,,,,,,,,Shahpura,Rajr,0.667,0.933,0.933,0.067,0.8,0.1,0.033,0,0.277,0.383,1.65,1,0.733,1
562,0,0,0,0,0,0,0,0,0,0,0,0,0,0,0,,,,,,,,,,,,,,,,,,,,,,,Shahpura,Rajr,0.6,0.867,0.8,0.513,0.359,0.128,0,0,0.13,0.45,0.857,1.933,1.2,1
567,0,0,0,0,0,0,0,0,0,0,0,0,0,0,0,0,,,,,,,,,,,,,,,,,,,,,,Shahpura,Rajr,0.25,0.563,0.625,0.167,0.631,0.06,0.143,0,0.168,0.397,1.56,1.313,0.813,1
568,0,0,0,0,0,0,0,0,0,0,0,0,0,,,,,,,,,,,,,,,,,,,,,,,,,Shahpura,Rajr,0.231,0.615,0.769,0.231,0.538,0.154,0.077,0,0.105,0.477,0.886,1.077,0.692,1
570,0,0,0,0,0,0,0,0,0,0,0,,,,,,,,,,,,,,,,,,,,,,,,,,,Shahpura,Rajr,0.909,1,0.364,0.167,0.758,0,0.045,0.03,0.192,0.159,0.361,0.636,0.455,1
571,0,0,0,0,0,0,0,0,0,0,0,0,0,0,0,0,0,,,,,,,,,,,,,,,,,,,,,Shahpura,Rajr,0.529,1,1.353,0.255,0.49,0.137,0.059,0.059,0.246,0.347,0.95,1.588,0.706,1
576,0,0,0,0,0,0,0,0,0,0,0,0,0,0,0,,,,,,,,,,,,,,,,,,,,,,,Shahpura,Rajr,0.267,0.933,0.6,0.444,0.411,0.144,0,0,0.219,0.617,1.588,1.133,0.133,1
578,0,0,0,0,0,0,0,0,0,0,0,0,0,0,,,,,,,,,,,,,,,,,,,,,,,,Shahpura,Rajr,0.214,1,0,0.173,0.66,0,0.122,0.045,0.469,0.277,0.313,1.643,1.357,1
579,0,0,0,0,0,0,0,0,0,0,0,0,0,0,0,,,,,,,,,,,,,,,,,,,,,,,Shahpura,Rajr,0.4,0.8,0.933,0.167,0.433,0.267,0,0.133,0.147,0.337,0.75,0.933,0.667,1
581,0,0,0,0,0,0,0,0,0,0,0,0,0,0,0,,,,,,,,,,,,,,,,,,,,,,,Shahpura,Rajr,0.2,0.8,0.857,0.133,0.767,0.1,0,0,0.137,0.22,0.812,1,0.467,1
590,0,0,0,0,0,0,,,,,,,,,,,,,,,,,,,,,,,,,,,,,,,,Shahpura,Rajr,0.333,1,0.5,0,0.417,0.583,0,0,0.446,0.317,0.417,2.333,1.833,1
592,0,0,0,0,0,0,0,0,0,0,0,0,0,0,0,,,,,,,,,,,,,,,,,,,,,,,Shahpura,Rajr,0.667,0.6,0.667,0.048,0.619,0.226,0.107,0,0.325,0.22,0.95,1.467,0.8,1
593,0,0,0,0,0,0,0,0,0,0,0,0,0,0,0,,,,,,,,,,,,,,,,,,,,,,,Shahpura,Rajr,0.4,0.667,0.467,0.356,0.589,0.056,0,0,0.154,0.253,1.317,1,0.667,1
603,0,0,0,0,0,0,0,0,0,0,0,0,0,0,0,0,,,,,,,,,,,,,,,,,,,,,,Shahpura,Rajr,0.188,0.75,0.188,0.233,0.767,0,0,0,0.047,0.127,0.75,1.75,1.625,1
604,0,0,0,0,0,0,0,0,0,0,0,0,0,0,0,0,,,,,,,,,,,,,,,,,,,,,,Shahpura,Rajr,0.313,0.813,0.375,0.219,0.563,0.188,0.031,0,0.151,0.363,1.912,1.563,0.688,1
605,0,0,0,0,0,0,0,0,0,0,0,0,0,0,0,0,,,,,,,,,,,,,,,,,,,,,,Shahpura,Rajr,0.75,0.438,1,0.233,0.667,0.033,0,0.067,0.171,0.316,1.764,0.75,0.625,1
606,0,0,0,0,0,0,0,0,0,0,0,0,0,0,0,,,,,,,,,,,,,,,,,,,,,,,Shahpura,Rajr,0.933,0.533,0.6,0.233,0.733,0.033,0,0,0.137,0.257,0.821,1.267,0.933,1
607,0,0,0,0,0,0,0,0,0,0,0,0,0,0,0,,,,,,,,,,,,,,,,,,,,,,,Shahpura,Rajr,0.333,0.933,0.8,0.333,0.526,0.038,0.103,0,0.248,0.4,1.436,1.733,0.867,1
619,0,0,0,0,0,0,0,0,0,0,0,0,0,0,0,,,,,,,,,,,,,,,,,,,,,,,Shahpura,Rajr,0.267,1,0.143,0.321,0.321,0.143,0.179,0.036,0.134,0.337,1.317,1.933,1.133,1
620,0,0,0,0,0,0,0,0,0,0,0,0,0,0,0,0,,,,,,,,,,,,,,,,,,,,,,Shahpura,Rajr,0.5,1,0.2,0.313,0.406,0.094,0.188,0,0.319,0.538,1.183,0.938,0.813,1
621,0,0,0,0,0,0,0,0,0,0,0,0,0,0,0,,,,,,,,,,,,,,,,,,,,,,,Shahpura,Rajr,0.267,1,0.933,0.167,0.333,0.367,0.1,0.033,0.409,0.553,0.735,1.4,1.133,1
622,0,0,0,0,0,0,0,0,0,0,0,1,0,0,0,0,0,,,,,,,,,,,,,,,,,,,,,Shahpura,Rajr,0.706,1,0.706,0.3,0.533,0.133,0.033,0,0.561,0.285,0.9,1.176,0.529,1
623,0,0,0,0,0,0,0,0,0,0,0,0,0,0,0,,,,,,,,,,,,,,,,,,,,,,,Shahpura,Rajr,0.533,1,0.667,0.033,0.767,0.167,0.033,0,0.328,0.2,0.959,1.067,0.6,1
624,0,0,0,0,0,0,0,0,0,0,0,0,0,0,0,0,,,,,,,,,,,,,,,,,,,,,,Shahpura,Rajr,0.625,0.625,0.667,0.281,0.719,0,0,0,0.163,0.263,0.813,1.375,0.438,1
635,0,0,0,0,0,0,0,0,0,,,,,,,,,,,,,,,,,,,,,,,,,,,,,Shahpura,Rajr,0.556,1,0.667,0.063,0.625,0.25,0.063,0,0.157,0.272,1.433,0.778,0.667,1
636,0,0,0,0,0,0,0,0,0,0,0,0,0,0,0,,,,,,,,,,,,,,,,,,,,,,,Shahpura,Rajr,0.4,1,0.467,0.1,0.667,0.167,0.067,0,0.197,0.373,1.364,1.467,0.733,1
637,0,0,0,0,0,0,0,0,0,0,0,0,0,0,0,,,,,,,,,,,,,,,,,,,,,,,Shahpura,Rajr,0.533,1,0.6,0.233,0.7,0.067,0,0,0.051,0.296,0.643,1.333,0.867,1
638,0,0,0,0,0,0,0,0,0,0,0,0,0,0,0,,,,,,,,,,,,,,,,,,,,,,,Shahpura,Rajr,0.933,1,0.733,0.033,0.667,0.167,0.1,0.033,0.255,0.28,1.108,1.333,1,1
639,0,0,0,0,0,0,0,0,0,0,0,0,0,0,0,,,,,,,,,,,,,,,,,,,,,,,Shahpura,Rajr,0.667,0.8,1,0.167,0.667,0.1,0.067,0,0.266,0.283,1.306,0.8,0.467,1
641,0,0,0,0,0,0,0,0,0,0,0,0,0,0,0,0,,,,,,,,,,,,,,,,,,,,,,Shahpura,Rajr,0.688,0.813,1.313,0.125,0.688,0.156,0.031,0,0.166,0.3,1.2,1.063,0.5,1
642,0,0,0,0,0,0,0,0,0,0,0,0,0,0,0,,,,,,,,,,,,,,,,,,,,,,,Shahpura,Rajr,0.533,0.867,1.933,0.202,0.524,0.274,0,0,0.197,0.353,1.139,1.8,1.133,1
652,0,0,0,0,0,0,0,0,0,0,0,0,0,0,0,0,,,,,,,,,,,,,,,,,,,,,,Shahpura,Rajr,0.875,1,0.688,0.133,0.633,0.233,0,0,0.485,0.338,0.583,1.75,0.875,1
653,0,0,0,0,0,0,0,0,0,0,0,0,0,0,0,,,,,,,,,,,,,,,,,,,,,,,Shahpura,Rajr,0.667,1,1,0.179,0.643,0.179,0,0,0.17,0.323,1.258,1.467,0.667,1
657,0,0,0,0,0,0,0,0,0,0,0,0,0,0,0,,,,,,,,,,,,,,,,,,,,,,,Shahpura,Rajr,0.8,0.467,1.6,0.231,0.692,0,0.077,0,0.213,0.51,1.9,1.133,0.8,1
667,0,0,0,0,0,0,0,0,0,0,0,0,0,0,0,,,,,,,,,,,,,,,,,,,,,,,Shahpura,Rajr,0.667,0.333,0.933,0.289,0.589,0.033,0.089,0,0.4,0.403,1.861,1.667,1,1
668,0,0,0,0,0,0,0,0,0,0,0,0,0,,,,,,,,,,,,,,,,,,,,,,,,,Shahpura,Rajr,0.692,0.846,0.846,0.25,0.5,0.25,0,0,0.136,0.338,0.75,0.923,0.846,1
559/569,0,0,0,0,0,0,,,,,,,,,,,,,,,,,,,,,,,,,,,,,,,,Shahpura,Rajr,0.333,1,0,0.528,0.222,0,0.194,0.056,0.401,0.675,0.75,0.667,0.167,1
599,0,1,1,0,0,0,0,0,0,0,0,,,,,,,,,,,,,,,,,,,,,,,,,,,Shokaliya,Ajm,0.818,1,0.273,0.136,0.5,0.045,0.318,0,0.178,0.395,0.543,1.636,1.455,1
600,0,0,0,0,0,0,0,0,0,0,0,0,1,0,1,0,,,,,,,,,,,,,,,,,,,,,,Shokaliya,Ajm,0.75,1,0.625,0.385,0.385,0.031,0.198,0,0.239,0.456,0.55,1.625,1,1
601,0,0,0,0,0,0,0,0,0,0,0,0,0,0,,,,,,,,,,,,,,,,,,,,,,,,Shokaliya,Ajm,0.643,1,1,0.236,0.611,0,0.111,0.042,0.18,0.286,0.86,1.786,1,1
602,0,0,0,0,0,0,0,0,0,0,0,0,0,0,0,,,,,,,,,,,,,,,,,,,,,,,Shokaliya,Ajm,0.6,0.76,1.02,0.089,0.5,0.178,0.233,0,0.205,0.327,0.533,2.933,2.067,1
616,0,0,0,0,0,0,0,0,0,0,0,0,0,,,,,,,,,,,,,,,,,,,,,,,,,Shokaliya,Ajm,0.462,0.76,0,0.269,0.282,0.256,0.192,0,0.176,0.619,0.435,1.154,0.846,1
617,0,0,1,0,0,0,0,0,0,0,0,0,0,0,0,0,0,,,,,,,,,,,,,,,,,,,,,Shokaliya,Ajm,0.529,1,0.941,0.309,0.368,0.039,0.27,0.015,0.343,0.526,0.821,1.294,1.235,1
618,0,0,0,0,0,0,0,0,0,0,0,0,0,0,0,0,,,,,,,,,,,,,,,,,,,,,,Shokaliya,Ajm,0.875,1,0.625,0.208,0.615,0.094,0.083,0,0.417,0.431,1.062,1.563,1.625,1
631,0,0,0,0,0,0,0,0,0,0,0,0,0,0,0,,,,,,,,,,,,,,,,,,,,,,,Shokaliya,Ajm,0.6,1,0.667,0.228,0.544,0.094,0.117,0.017,0.286,0.57,1.06,2.133,1.267,1
632,0,0,0,0,0,0,0,0,0,0,0,0,0,1,0,1,0,,,,,,,,,,,,,,,,,,,,,Shokaliya,Ajm,0.765,0.824,0.118,0.177,0.583,0,0.24,0,0.138,0.241,1.273,1.824,0.882,1
634,0,0,0,0,0,0,,,,,,,,,,,,,,,,,,,,,,,,,,,,,,,,Shokaliya,Ajm,0.5,1,1,0.125,0.403,0.236,0.236,0,0.19,0.325,0.475,1.833,1.667,1
646,1,0,1,0,0,0,0,0,0,0,0,0,0,,,,,,,,,,,,,,,,,,,,,,,,,Shokaliya,Ajm,0.692,0.692,0.385,0.231,0.641,0.064,0.064,0,0.441,0.462,0.625,1.462,1.538,1
648,0,0,0,0,0,1,0,0,0,0,0,0,0,0,0,0,,,,,,,,,,,,,,,,,,,,,,Shokaliya,Ajm,0.625,1,0.188,0,0.906,0,0.094,0,0.297,0.15,0.766,1.438,0.75,1
649,0,0,0,0,0,0,0,0,1,0,0,0,0,0,0,0,0,0,0,0,0,0,0,,,,,,,,,,,,,,,Shokaliya,Ajm,0.652,1,0.227,0.227,0.705,0,0.068,0,0.193,0.411,1.457,1.565,0.565,1
650,0,0,0,0,0,0,0,0,0,0,0,0,0,0,0,0,,,,,,,,,,,,,,,,,,,,,,Shokaliya,Ajm,0.625,1,0.75,0.042,0.823,0,0.135,0,0.249,0.163,0.554,1.688,0.938,1
663,0,1,0,0,0,1,0,0,0,0,0,0,,,,,,,,,,,,,,,,,,,,,,,,,,Shokaliya,Ajm,0.75,1,0,0.045,0.773,0,0.182,0,0.225,0.2,0.715,1.167,1.083,1
670,0,0,0,0,0,0,0,0,0,0,0,0,0,0,0,,,,,,,,,,,,,,,,,,,,,,,Shokaliya,Ajm,0.6,0.2,0.467,0.214,0.679,0.107,0,0,0.368,0.303,0.25,1.067,1.133,1
677,0,0,0,0,0,0,0,0,0,0,0,0,0,0,0,0,0,0,0,0,0,,,,,,,,,,,,,,,,,Shokaliya,Ajm,0.619,0.8,0.85,0.458,0.258,0,0.283,0,0.143,0.667,1.771,1.524,0.286,1
678,0,0,0,0,0,0,0,0,0,0,0,0,0,0,0,0,0,0,,,,,,,,,,,,,,,,,,,,Shokaliya,Ajm,0.778,1,0.833,0.222,0.694,0,0.083,0,0.332,0.239,0.553,1,1.111,1
680,0,0,0,0,0,0,0,0,0,0,0,0,0,0,0,0,0,0,,,,,,,,,,,,,,,,,,,,Shokaliya,Ajm,0.833,0.944,0.722,0.157,0.559,0.167,0.118,0,0.226,0.272,0.373,1.944,1.056,1
681,0,0,0,0,0,0,0,0,0,0,0,0,0,0,0,0,0,,,,,,,,,,,,,,,,,,,,,Shokaliya,Ajm,0.706,1,1.118,0.255,0.5,0.108,0.108,0.029,0.232,0.4,0.843,1.412,0.882,1
689,0,0,0,0,0,0,0,0,0,0,0,0,0,0,,,,,,,,,,,,,,,,,,,,,,,,Shokaliya,Ajm,0.5,1,0.143,0.143,0.714,0.143,0,0,0.151,0.243,0.158,1,1.071,1
690,0,0,0,0,0,0,0,0,0,0,0,0,0,0,0,,,,,,,,,,,,,,,,,,,,,,,Shokaliya,Ajm,0.933,1,1.733,0.278,0.367,0.289,0.067,0,0.24,0.587,0.26,1.333,0.667,1
693,0,0,0,0,1,1,0,0,0,0,0,0,0,0,0,1,,,,,,,,,,,,,,,,,,,,,,Shokaliya,Ajm,0.625,1,0.813,0.198,0.698,0.042,0.063,0,0.254,0.341,0.588,1,0.875,1
700,0,0,0,0,0,0,0,0,0,0,0,0,0,0,0,0,,,,,,,,,,,,,,,,,,,,,,Shokaliya,Ajm,0.625,0.688,1.188,0.125,0.75,0.125,0,0,0.239,0.422,1.3,1.375,0.438,1
701,0,0,0,0,0,0,0,0,0,0,0,0,0,0,0,0,,,,,,,,,,,,,,,,,,,,,,Shokaliya,Ajm,0.625,1,1.063,0.188,0.719,0.094,0,0,0.381,0.419,0.981,0.938,0.25,1
702,0,0,0,0,0,0,0,0,0,0,0,0,0,0,0,,,,,,,,,,,,,,,,,,,,,,,Shokaliya,Ajm,0.467,1,1.333,0.244,0.256,0.344,0.1,0.056,0.259,0.54,0.435,1.2,0.333,1
703,0,0,0,0,0,0,0,0,0,0,0,0,0,0,0,,,,,,,,,,,,,,,,,,,,,,,Shokaliya,Ajm,0.733,1,1.2,0.144,0.544,0.278,0.033,0,0.193,0.397,0.757,1,0.467,1
705,0,0,0,0,0,0,0,0,0,0,0,0,0,0,0,0,,,,,,,,,,,,,,,,,,,,,,Shokaliya,Ajm,0.5,1,0.438,0.281,0.5,0.094,0.125,0,0.227,0.416,0.688,1.25,0.188,1
706,0,0,0,0,0,0,0,0,0,0,0,0,0,0,0,,,,,,,,,,,,,,,,,,,,,,,Shokaliya,Ajm,0.6,1,1,0.256,0.522,0.033,0.189,0,0.179,0.44,0.57,1.6,1,1
711,0,0,0,0,0,0,0,0,0,0,0,0,0,0,0,,,,,,,,,,,,,,,,,,,,,,,Shokaliya,Ajm,0.333,0.867,0.786,0.1,0.767,0.033,0.1,0,0.295,0.543,1.443,1.8,2,1
712,0,0,0,0,0,0,0,0,0,0,0,0,0,0,,,,,,,,,,,,,,,,,,,,,,,,Shokaliya,Ajm,0.786,1,1,0.083,0.619,0.298,0,0,0.322,0.396,0.432,0.929,1.929,1
714,0,0,0,0,0,0,0,0,0,0,0,0,0,0,0,,,,,,,,,,,,,,,,,,,,,,,Shokaliya,Ajm,0.6,1,1,0.022,0.822,0.089,0,0.067,0.206,0.26,0.932,1.267,0.733,1
716,0,0,0,0,0,0,0,0,0,0,0,0,0,0,0,0,,,,,,,,,,,,,,,,,,,,,,Shokaliya,Ajm,0.5,0.813,1.125,0.031,0.656,0.281,0,0.031,0.153,0.303,1.257,0.875,0.313,1
718,0,0,0,0,0,0,0,0,0,0,0,0,0,0,,,,,,,,,,,,,,,,,,,,,,,,Shokaliya,Ajm,0.5,1,1.231,0.038,0.654,0,0.269,0.038,0.334,0.264,0.9,1.429,0.714,1
723,0,0,0,0,0,0,0,0,0,0,0,0,0,0,0,0,,,,,,,,,,,,,,,,,,,,,,Shokaliya,Ajm,0.625,1,1.25,0.063,0.938,0,0,0,0.052,0.05,0.688,1.188,1.125,1
724,0,0,0,0,0,0,0,0,0,0,0,0,0,0,0,,,,,,,,,,,,,,,,,,,,,,,Shokaliya,Ajm,0.6,0.8,1,0.311,0.456,0.122,0.111,0,0.186,0.557,0.78,1.333,1.467,1
725,0,0,0,0,0,0,0,0,0,0,,,,,,,,,,,,,,,,,,,,,,,,,,,,Shokaliya,Ajm,0.8,1,0,0.05,0.7,0,0.25,0,0.547,0.235,0.763,1.2,0.2,1
728,0,0,0,0,0,0,0,0,0,0,0,0,0,,,,,,,,,,,,,,,,,,,,,,,,,Shokaliya,Ajm,0.385,0.923,1,0.103,0.487,0.218,0.154,0.038,0.19,0.377,0.806,1.538,1,1
733,0,0,0,0,0,0,0,0,0,0,0,0,0,0,0,,,,,,,,,,,,,,,,,,,,,,,Shokaliya,Ajm,0.4,0.867,0.8,0.357,0.393,0.214,0,0.036,0.332,0.56,0.617,1.733,1.133,1
736,0,0,0,0,0,0,0,0,0,0,0,0,0,0,0,0,,,,,,,,,,,,,,,,,,,,,,Shokaliya,Ajm,0.75,1,0.313,0.179,0.603,0.218,0,0,0.269,0.375,1.15,1.313,1.063,1
738,0,0,0,0,0,0,0,0,0,0,0,0,0,0,0,,,,,,,,,,,,,,,,,,,,,,,Shokaliya,Ajm,0.667,0.933,1,0.236,0.528,0.236,0,0,0.169,0.333,1.25,1.867,1.333,1
739,0,0,0,0,0,0,0,0,0,0,0,0,0,0,0,0,,,,,,,,,,,,,,,,,,,,,,Shokaliya,Ajm,0.625,0.938,1,0.375,0.344,0.281,0,0,0.209,0.306,0.65,0.938,0.75,1
740,0,0,0,0,0,0,0,0,0,0,0,0,0,0,0,,,,,,,,,,,,,,,,,,,,,,,Shokaliya,Ajm,0.133,0.933,0.933,0.133,0.611,0.144,0.089,0.022,0.243,0.483,1.019,1.467,1.2,1
634A,0,0,0,0,0,0,0,,,,,,,,,,,,,,,,,,,,,,,,,,,,,,,Shokaliya,Ajm,0.429,1,0.429,0.429,0.357,0,0.143,0.071,0.393,0.543,0.825,0.714,1.143,1
646B,0,0,0,0,0,0,,,,,,,,,,,,,,,,,,,,,,,,,,,,,,,,Shokaliya,Ajm,0.5,1,0,0.25,0.75,0,0,0,0.375,0.375,1.12,0.667,0.333,1
647A,0,0,0,0,0,0,0,0,0,0,0,0,,,,,,,,,,,,,,,,,,,,,,,,,,Shokaliya,Ajm,0.917,1,0.25,0.292,0.5,0,0.167,0.042,0.33,0.513,0.27,1.333,0.917,1
691X,1,0,0,0,0,0,0,0,0,0,1,0,0,0,0,0,,,,,,,,,,,,,,,,,,,,,,Shokaliya,Ajm,0.5,1,1,0.369,0.405,0.155,0.071,0,0.267,0.35,1.7,1.625,0.563,1
691Y,0,0,0,0,0,0,0,0,0,0,0,0,0,0,0,0,,,,,,,,,,,,,,,,,,,,,,Shokaliya,Ajm,0.75,1,1.813,0.406,0.469,0.125,0,0,0.168,0.388,0.238,0.625,0.625,1
692X,1,1,0,0,0,0,0,0,0,0,0,0,0,,,,,,,,,,,,,,,,,,,,,,,,,Shokaliya,Ajm,0.769,1,0.769,0.244,0.667,0.026,0.064,0,0.207,0.323,1.225,1.692,0.615,1
692Y,0,0,0,0,0,0,0,0,0,0,0,0,0,0,0,,,,,,,,,,,,,,,,,,,,,,,Shokaliya,Ajm,0.933,1,1.2,0.111,0.578,0.211,0.078,0.022,0.191,0.327,0.721,1.2,0.8,1
738X,0,0,0,0,0,0,0,0,0,0,0,0,0,0,0,,,,,,,,,,,,,,,,,,,,,,,Shokaliya,Ajm,0.533,0.867,0.4,0.167,0.833,0,0,0,0.239,0.313,0.75,1.467,0.6,1
738Y,0,0,0,0,0,0,0,0,0,0,0,0,0,0,0,,,,,,,,,,,,,,,,,,,,,,,Shokaliya,Ajm,0.333,0.933,0.667,0,0.533,0.467,0,0,0.201,0.44,0.154,1.333,1.133,1
740X,0,0,0,0,0,0,0,0,0,0,0,0,0,0,0,0,,,,,,,,,,,,,,,,,,,,,,Shokaliya,Ajm,0.313,1,0.75,0.375,0.479,0.094,0.052,0,0.203,0.453,0.364,1.188,0.75,1
